{
	"credit": "Made with Blockbench",
	"textures": {
		"0": "zenithaddon/001817",
		"particle": "zenithaddon/001817"
	},
	"elements": [
		{
			"from": [1.5, -8, 9],
			"to": [14.5, 14, 9.5],
			"rotation": {"angle": 0, "axis": "y", "origin": [8, 3, 9.5]},
			"faces": {
				"north": {"uv": [1, 1, 15, 15], "texture": "#0"},
				"east": {"uv": [1, 1, 15, 15], "texture": "#0"},
				"south": {"uv": [0, 0, 16, 16], "texture": "#0"},
				"west": {"uv": [1, 1, 15, 15], "texture": "#0"},
				"up": {"uv": [1, 1, 15, 15], "texture": "#0"},
				"down": {"uv": [1, 1, 15, 15], "texture": "#0"}
			}
		},
		{
			"from": [1.5, 13.75, 8.5],
			"to": [14.5, 14, 9],
			"rotation": {"angle": 0, "axis": "y", "origin": [8, 3, 9.25]},
			"faces": {
				"north": {"uv": [0, 15, 16, 16], "texture": "#0"},
				"east": {"uv": [0, 15, 16, 16], "texture": "#0"},
				"south": {"uv": [0, 15, 16, 16], "texture": "#0"},
				"west": {"uv": [0, 15, 16, 16], "texture": "#0"},
				"up": {"uv": [0, 15, 16, 16], "texture": "#0"},
				"down": {"uv": [0, 15, 16, 16], "texture": "#0"}
			}
		},
		{
			"from": [1.5, -8, 8.5],
			"to": [14.5, -7.75, 9],
			"rotation": {"angle": 0, "axis": "y", "origin": [8, 3, 9.25]},
			"faces": {
				"north": {"uv": [0, 15, 16, 16], "texture": "#0"},
				"east": {"uv": [0, 15, 16, 16], "texture": "#0"},
				"south": {"uv": [0, 15, 16, 16], "texture": "#0"},
				"west": {"uv": [0, 15, 16, 16], "texture": "#0"},
				"up": {"uv": [0, 15, 16, 16], "texture": "#0"},
				"down": {"uv": [0, 15, 16, 16], "texture": "#0"}
			}
		},
		{
			"from": [14.25, -7.75, 8.5],
			"to": [14.5, 13.75, 9],
			"rotation": {"angle": 0, "axis": "y", "origin": [8, 3, 9.25]},
			"faces": {
				"north": {"uv": [0, 15, 16, 16], "texture": "#0"},
				"east": {"uv": [0, 15, 16, 16], "texture": "#0"},
				"south": {"uv": [0, 15, 16, 16], "texture": "#0"},
				"west": {"uv": [0, 15, 16, 16], "texture": "#0"},
				"up": {"uv": [0, 15, 16, 16], "texture": "#0"},
				"down": {"uv": [0, 15, 16, 16], "texture": "#0"}
			}
		},
		{
			"from": [1.5, -7.75, 8.5],
			"to": [1.75, 13.75, 9],
			"rotation": {"angle": 0, "axis": "y", "origin": [8, 3, 9.25]},
			"faces": {
				"north": {"uv": [0, 15, 16, 16], "texture": "#0"},
				"east": {"uv": [0, 15, 16, 16], "texture": "#0"},
				"south": {"uv": [0, 15, 16, 16], "texture": "#0"},
				"west": {"uv": [0, 15, 16, 16], "texture": "#0"},
				"up": {"uv": [0, 15, 16, 16], "texture": "#0"},
				"down": {"uv": [0, 15, 16, 16], "texture": "#0"}
			}
		},
		{
			"from": [16, 14, 2.5],
			"to": [18, 16, 11],
			"rotation": {"angle": -22.5, "axis": "y", "origin": [8, 3, 9.5]},
			"faces": {
				"north": {"uv": [0, 0, 16, 16], "texture": "#0"},
				"east": {"uv": [0, 0, 16, 16], "texture": "#0"},
				"south": {"uv": [0, 0, 16, 16], "texture": "#0"},
				"west": {"uv": [0, 0, 16, 16], "texture": "#0"},
				"up": {"uv": [0, 0, 16, 16], "texture": "#0"},
				"down": {"uv": [0, 0, 16, 16], "texture": "#0"}
			}
		},
		{
			"from": [16, -10, 2.5],
			"to": [18, -8, 11],
			"rotation": {"angle": -22.5, "axis": "y", "origin": [8, 3, 9.5]},
			"faces": {
				"north": {"uv": [0, 0, 16, 16], "texture": "#0"},
				"east": {"uv": [0, 0, 16, 16], "texture": "#0"},
				"south": {"uv": [0, 0, 16, 16], "texture": "#0"},
				"west": {"uv": [0, 0, 16, 16], "texture": "#0"},
				"up": {"uv": [0, 0, 16, 16], "texture": "#0"},
				"down": {"uv": [0, 0, 16, 16], "texture": "#0"}
			}
		},
		{
			"from": [16, 16, 0.5],
			"to": [18, 16.25, 11],
			"rotation": {"angle": -22.5, "axis": "y", "origin": [8, 3, 9.5]},
			"faces": {
				"north": {"uv": [0, 0, 16, 16], "texture": "#0"},
				"east": {"uv": [0, 0, 16, 16], "texture": "#0"},
				"south": {"uv": [0, 0, 16, 16], "texture": "#0"},
				"west": {"uv": [0, 0, 16, 16], "texture": "#0"},
				"up": {"uv": [0, 0, 16, 16], "texture": "#0"},
				"down": {"uv": [0, 0, 16, 16], "texture": "#0"}
			}
		},
		{
			"from": [16, -10.25, 0.5],
			"to": [18, -10, 11],
			"rotation": {"angle": -22.5, "axis": "y", "origin": [8, 3, 9.5]},
			"faces": {
				"north": {"uv": [0, 0, 16, 16], "texture": "#0"},
				"east": {"uv": [0, 0, 16, 16], "texture": "#0"},
				"south": {"uv": [0, 0, 16, 16], "texture": "#0"},
				"west": {"uv": [0, 0, 16, 16], "texture": "#0"},
				"up": {"uv": [0, 0, 16, 16], "texture": "#0"},
				"down": {"uv": [0, 0, 16, 16], "texture": "#0"}
			}
		},
		{
			"from": [-2, 16, 0.5],
			"to": [0, 16.25, 11],
			"rotation": {"angle": 22.5, "axis": "y", "origin": [8, 3, 9.5]},
			"faces": {
				"north": {"uv": [0, 0, 16, 16], "texture": "#0"},
				"east": {"uv": [0, 0, 16, 16], "texture": "#0"},
				"south": {"uv": [0, 0, 16, 16], "texture": "#0"},
				"west": {"uv": [0, 0, 16, 16], "texture": "#0"},
				"up": {"uv": [0, 0, 16, 16], "texture": "#0"},
				"down": {"uv": [0, 0, 16, 16], "texture": "#0"}
			}
		},
		{
			"from": [-2, -10.25, 0.5],
			"to": [0, -10, 11],
			"rotation": {"angle": 22.5, "axis": "y", "origin": [8, 3, 9.5]},
			"faces": {
				"north": {"uv": [0, 0, 16, 16], "texture": "#0"},
				"east": {"uv": [0, 0, 16, 16], "texture": "#0"},
				"south": {"uv": [0, 0, 16, 16], "texture": "#0"},
				"west": {"uv": [0, 0, 16, 16], "texture": "#0"},
				"up": {"uv": [0, 0, 16, 16], "texture": "#0"},
				"down": {"uv": [0, 0, 16, 16], "texture": "#0"}
			}
		},
		{
			"from": [18, 14.75, 1.5],
			"to": [18.25, 16, 11],
			"rotation": {"angle": -22.5, "axis": "y", "origin": [8, 3, 9.5]},
			"faces": {
				"north": {"uv": [0, 0, 16, 16], "texture": "#0"},
				"east": {"uv": [0, 0, 16, 16], "texture": "#0"},
				"south": {"uv": [0, 0, 16, 16], "texture": "#0"},
				"west": {"uv": [0, 0, 16, 16], "texture": "#0"},
				"up": {"uv": [0, 0, 16, 16], "texture": "#0"},
				"down": {"uv": [0, 0, 16, 16], "texture": "#0"}
			}
		},
		{
			"from": [18, -10, 1.5],
			"to": [18.25, -8.75, 11],
			"rotation": {"angle": -22.5, "axis": "y", "origin": [8, 3, 9.5]},
			"faces": {
				"north": {"uv": [0, 0, 16, 16], "texture": "#0"},
				"east": {"uv": [0, 0, 16, 16], "texture": "#0"},
				"south": {"uv": [0, 0, 16, 16], "texture": "#0"},
				"west": {"uv": [0, 0, 16, 16], "texture": "#0"},
				"up": {"uv": [0, 0, 16, 16], "texture": "#0"},
				"down": {"uv": [0, 0, 16, 16], "texture": "#0"}
			}
		},
		{
			"from": [-2.25, 14.75, 1.5],
			"to": [-2, 16, 11],
			"rotation": {"angle": 22.5, "axis": "y", "origin": [8, 3, 9.5]},
			"faces": {
				"north": {"uv": [0, 0, 16, 16], "texture": "#0"},
				"east": {"uv": [0, 0, 16, 16], "texture": "#0"},
				"south": {"uv": [0, 0, 16, 16], "texture": "#0"},
				"west": {"uv": [0, 0, 16, 16], "texture": "#0"},
				"up": {"uv": [0, 0, 16, 16], "texture": "#0"},
				"down": {"uv": [0, 0, 16, 16], "texture": "#0"}
			}
		},
		{
			"from": [-2.25, -10, 1.5],
			"to": [-2, -8.75, 11],
			"rotation": {"angle": 22.5, "axis": "y", "origin": [8, 3, 9.5]},
			"faces": {
				"north": {"uv": [0, 0, 16, 16], "texture": "#0"},
				"east": {"uv": [0, 0, 16, 16], "texture": "#0"},
				"south": {"uv": [0, 0, 16, 16], "texture": "#0"},
				"west": {"uv": [0, 0, 16, 16], "texture": "#0"},
				"up": {"uv": [0, 0, 16, 16], "texture": "#0"},
				"down": {"uv": [0, 0, 16, 16], "texture": "#0"}
			}
		},
		{
			"from": [15.75, 14.75, 1.5],
			"to": [16, 16, 11],
			"rotation": {"angle": -22.5, "axis": "y", "origin": [8, 3, 9.5]},
			"faces": {
				"north": {"uv": [0, 0, 16, 16], "texture": "#0"},
				"east": {"uv": [0, 0, 16, 16], "texture": "#0"},
				"south": {"uv": [0, 0, 16, 16], "texture": "#0"},
				"west": {"uv": [0, 0, 16, 16], "texture": "#0"},
				"up": {"uv": [0, 0, 16, 16], "texture": "#0"},
				"down": {"uv": [0, 0, 16, 16], "texture": "#0"}
			}
		},
		{
			"from": [15.75, -10, 1.5],
			"to": [16, -8.75, 11],
			"rotation": {"angle": -22.5, "axis": "y", "origin": [8, 3, 9.5]},
			"faces": {
				"north": {"uv": [0, 0, 16, 16], "texture": "#0"},
				"east": {"uv": [0, 0, 16, 16], "texture": "#0"},
				"south": {"uv": [0, 0, 16, 16], "texture": "#0"},
				"west": {"uv": [0, 0, 16, 16], "texture": "#0"},
				"up": {"uv": [0, 0, 16, 16], "texture": "#0"},
				"down": {"uv": [0, 0, 16, 16], "texture": "#0"}
			}
		},
		{
			"from": [0, 14.75, 1.5],
			"to": [0.25, 16, 11],
			"rotation": {"angle": 22.5, "axis": "y", "origin": [8, 3, 9.5]},
			"faces": {
				"north": {"uv": [0, 0, 16, 16], "texture": "#0"},
				"east": {"uv": [0, 0, 16, 16], "texture": "#0"},
				"south": {"uv": [0, 0, 16, 16], "texture": "#0"},
				"west": {"uv": [0, 0, 16, 16], "texture": "#0"},
				"up": {"uv": [0, 0, 16, 16], "texture": "#0"},
				"down": {"uv": [0, 0, 16, 16], "texture": "#0"}
			}
		},
		{
			"from": [0, -10, 1.5],
			"to": [0.25, -8.75, 11],
			"rotation": {"angle": 22.5, "axis": "y", "origin": [8, 3, 9.5]},
			"faces": {
				"north": {"uv": [0, 0, 16, 16], "texture": "#0"},
				"east": {"uv": [0, 0, 16, 16], "texture": "#0"},
				"south": {"uv": [0, 0, 16, 16], "texture": "#0"},
				"west": {"uv": [0, 0, 16, 16], "texture": "#0"},
				"up": {"uv": [0, 0, 16, 16], "texture": "#0"},
				"down": {"uv": [0, 0, 16, 16], "texture": "#0"}
			}
		},
		{
			"from": [-2, 14, 2.5],
			"to": [0, 16, 11],
			"rotation": {"angle": 22.5, "axis": "y", "origin": [8, 3, 9.5]},
			"faces": {
				"north": {"uv": [0, 0, 16, 16], "texture": "#0"},
				"east": {"uv": [0, 0, 16, 16], "texture": "#0"},
				"south": {"uv": [0, 0, 16, 16], "texture": "#0"},
				"west": {"uv": [0, 0, 16, 16], "texture": "#0"},
				"up": {"uv": [0, 0, 16, 16], "texture": "#0"},
				"down": {"uv": [0, 0, 16, 16], "texture": "#0"}
			}
		},
		{
			"from": [-2, -10, 2.5],
			"to": [0, -8, 11],
			"rotation": {"angle": 22.5, "axis": "y", "origin": [8, 3, 9.5]},
			"faces": {
				"north": {"uv": [0, 0, 16, 16], "texture": "#0"},
				"east": {"uv": [0, 0, 16, 16], "texture": "#0"},
				"south": {"uv": [0, 0, 16, 16], "texture": "#0"},
				"west": {"uv": [0, 0, 16, 16], "texture": "#0"},
				"up": {"uv": [0, 0, 16, 16], "texture": "#0"},
				"down": {"uv": [0, 0, 16, 16], "texture": "#0"}
			}
		},
		{
			"from": [7.5, 0, 10.75],
			"to": [8.5, 7, 11.25],
			"rotation": {"angle": 0, "axis": "y", "origin": [8, 3, 9.5]},
			"faces": {
				"north": {"uv": [0, 0, 16, 16], "texture": "#0"},
				"east": {"uv": [0, 0, 16, 16], "texture": "#0"},
				"south": {"uv": [0, 0, 16, 16], "texture": "#0"},
				"west": {"uv": [0, 0, 16, 16], "texture": "#0"},
				"up": {"uv": [0, 0, 16, 16], "texture": "#0"},
				"down": {"uv": [0, 0, 16, 16], "texture": "#0"}
			}
		},
		{
			"from": [7.5, 7, 9.5],
			"to": [8.5, 7.5, 10.75],
			"rotation": {"angle": 0, "axis": "y", "origin": [8, 3, 9.5]},
			"faces": {
				"north": {"uv": [0, 0, 16, 16], "texture": "#0"},
				"east": {"uv": [0, 0, 16, 16], "texture": "#0"},
				"south": {"uv": [0, 0, 16, 16], "texture": "#0"},
				"west": {"uv": [0, 0, 16, 16], "texture": "#0"},
				"up": {"uv": [0, 0, 16, 16], "texture": "#0"},
				"down": {"uv": [0, 0, 16, 16], "texture": "#0"}
			}
		},
		{
			"from": [7.5, -0.5, 9.5],
			"to": [8.5, 0, 10.75],
			"rotation": {"angle": 0, "axis": "y", "origin": [8, 3, 9.5]},
			"faces": {
				"north": {"uv": [0, 0, 16, 16], "texture": "#0"},
				"east": {"uv": [0, 0, 16, 16], "texture": "#0"},
				"south": {"uv": [0, 0, 16, 16], "texture": "#0"},
				"west": {"uv": [0, 0, 16, 16], "texture": "#0"},
				"up": {"uv": [0, 0, 16, 16], "texture": "#0"},
				"down": {"uv": [0, 0, 16, 16], "texture": "#0"}
			}
		},
		{
			"from": [0.75, -9.5, 9.25],
			"to": [2.25, -8, 10.75],
			"rotation": {"angle": 0, "axis": "y", "origin": [1.5, 14.75, 10]},
			"faces": {
				"north": {"uv": [0, 0, 16, 16], "rotation": 270, "texture": "#0"},
				"east": {"uv": [0, 0, 16, 16], "rotation": 270, "texture": "#0"},
				"south": {"uv": [0, 0, 16, 16], "rotation": 270, "texture": "#0"},
				"west": {"uv": [0, 0, 16, 16], "rotation": 270, "texture": "#0"},
				"up": {"uv": [0, 0, 16, 16], "rotation": 270, "texture": "#0"},
				"down": {"uv": [0, 0, 16, 16], "rotation": 270, "texture": "#0"}
			}
		},
		{
			"from": [1.25, -8, 9.75],
			"to": [1.75, 14, 10.25],
			"rotation": {"angle": 0, "axis": "y", "origin": [8, 3, 9.5]},
			"faces": {
				"north": {"uv": [0, 0, 16, 16], "texture": "#0"},
				"east": {"uv": [0, 0, 16, 16], "texture": "#0"},
				"south": {"uv": [0, 0, 16, 16], "texture": "#0"},
				"west": {"uv": [0, 0, 16, 16], "texture": "#0"},
				"up": {"uv": [0, 0, 16, 16], "texture": "#0"},
				"down": {"uv": [0, 0, 16, 16], "texture": "#0"}
			}
		},
		{
			"from": [0.75, 14, 9.25],
			"to": [2.25, 15.5, 10.75],
			"rotation": {"angle": -22.5, "axis": "y", "origin": [1.5, 14.75, 10]},
			"faces": {
				"north": {"uv": [0, 0, 16, 16], "rotation": 270, "texture": "#0"},
				"east": {"uv": [0, 0, 16, 16], "rotation": 270, "texture": "#0"},
				"south": {"uv": [0, 0, 16, 16], "rotation": 270, "texture": "#0"},
				"west": {"uv": [0, 0, 16, 16], "rotation": 270, "texture": "#0"},
				"up": {"uv": [0, 0, 16, 16], "rotation": 270, "texture": "#0"},
				"down": {"uv": [0, 0, 16, 16], "rotation": 270, "texture": "#0"}
			}
		},
		{
			"from": [0.75, 14, 9.25],
			"to": [2.25, 15.5, 10.75],
			"rotation": {"angle": 22.5, "axis": "y", "origin": [1.5, 14.75, 10]},
			"faces": {
				"north": {"uv": [0, 0, 16, 16], "texture": "#0"},
				"east": {"uv": [0, 0, 16, 16], "texture": "#0"},
				"south": {"uv": [0, 0, 16, 16], "texture": "#0"},
				"west": {"uv": [0, 0, 16, 16], "texture": "#0"},
				"up": {"uv": [0, 0, 16, 16], "texture": "#0"},
				"down": {"uv": [0, 0, 16, 16], "texture": "#0"}
			}
		},
		{
			"from": [0.75, 14, 9.25],
			"to": [2.25, 15.5, 10.75],
			"rotation": {"angle": -45, "axis": "y", "origin": [1.5, 14.75, 10]},
			"faces": {
				"north": {"uv": [0, 0, 16, 16], "rotation": 270, "texture": "#0"},
				"east": {"uv": [0, 0, 16, 16], "rotation": 270, "texture": "#0"},
				"south": {"uv": [0, 0, 16, 16], "rotation": 270, "texture": "#0"},
				"west": {"uv": [0, 0, 16, 16], "rotation": 270, "texture": "#0"},
				"up": {"uv": [0, 0, 16, 16], "rotation": 270, "texture": "#0"},
				"down": {"uv": [0, 0, 16, 16], "rotation": 270, "texture": "#0"}
			}
		},
		{
			"from": [0.75, 14, 9.25],
			"to": [2.25, 15.5, 10.75],
			"rotation": {"angle": 0, "axis": "y", "origin": [1.5, 14.75, 10]},
			"faces": {
				"north": {"uv": [0, 0, 16, 16], "rotation": 270, "texture": "#0"},
				"east": {"uv": [0, 0, 16, 16], "rotation": 270, "texture": "#0"},
				"south": {"uv": [0, 0, 16, 16], "rotation": 270, "texture": "#0"},
				"west": {"uv": [0, 0, 16, 16], "rotation": 270, "texture": "#0"},
				"up": {"uv": [0, 0, 16, 16], "rotation": 270, "texture": "#0"},
				"down": {"uv": [0, 0, 16, 16], "rotation": 270, "texture": "#0"}
			}
		},
		{
			"from": [0.75, -9.5, 9.25],
			"to": [2.25, -8, 10.75],
			"rotation": {"angle": 22.5, "axis": "y", "origin": [1.5, 14.75, 10]},
			"faces": {
				"north": {"uv": [0, 0, 16, 16], "texture": "#0"},
				"east": {"uv": [0, 0, 16, 16], "texture": "#0"},
				"south": {"uv": [0, 0, 16, 16], "texture": "#0"},
				"west": {"uv": [0, 0, 16, 16], "texture": "#0"},
				"up": {"uv": [0, 0, 16, 16], "texture": "#0"},
				"down": {"uv": [0, 0, 16, 16], "texture": "#0"}
			}
		},
		{
			"from": [0.75, -9.5, 9.25],
			"to": [2.25, -8, 10.75],
			"rotation": {"angle": -45, "axis": "y", "origin": [1.5, 14.75, 10]},
			"faces": {
				"north": {"uv": [0, 0, 16, 16], "rotation": 270, "texture": "#0"},
				"east": {"uv": [0, 0, 16, 16], "rotation": 270, "texture": "#0"},
				"south": {"uv": [0, 0, 16, 16], "rotation": 270, "texture": "#0"},
				"west": {"uv": [0, 0, 16, 16], "rotation": 270, "texture": "#0"},
				"up": {"uv": [0, 0, 16, 16], "rotation": 270, "texture": "#0"},
				"down": {"uv": [0, 0, 16, 16], "rotation": 270, "texture": "#0"}
			}
		},
		{
			"from": [0.75, -9.5, 9.25],
			"to": [2.25, -8, 10.75],
			"rotation": {"angle": -22.5, "axis": "y", "origin": [1.5, 14.75, 10]},
			"faces": {
				"north": {"uv": [0, 0, 16, 16], "rotation": 270, "texture": "#0"},
				"east": {"uv": [0, 0, 16, 16], "rotation": 270, "texture": "#0"},
				"south": {"uv": [0, 0, 16, 16], "rotation": 270, "texture": "#0"},
				"west": {"uv": [0, 0, 16, 16], "rotation": 270, "texture": "#0"},
				"up": {"uv": [0, 0, 16, 16], "rotation": 270, "texture": "#0"},
				"down": {"uv": [0, 0, 16, 16], "rotation": 270, "texture": "#0"}
			}
		},
		{
			"from": [13.75, -9.5, 9.25],
			"to": [15.25, -8, 10.75],
			"rotation": {"angle": 0, "axis": "y", "origin": [14.5, 14.75, 10]},
			"faces": {
				"north": {"uv": [0, 0, 16, 16], "rotation": 270, "texture": "#0"},
				"east": {"uv": [0, 0, 16, 16], "rotation": 270, "texture": "#0"},
				"south": {"uv": [0, 0, 16, 16], "rotation": 270, "texture": "#0"},
				"west": {"uv": [0, 0, 16, 16], "rotation": 270, "texture": "#0"},
				"up": {"uv": [0, 0, 16, 16], "rotation": 270, "texture": "#0"},
				"down": {"uv": [0, 0, 16, 16], "rotation": 270, "texture": "#0"}
			}
		},
		{
			"from": [14.25, -8, 9.75],
			"to": [14.75, 14, 10.25],
			"rotation": {"angle": 0, "axis": "y", "origin": [8, 3, 9.5]},
			"faces": {
				"north": {"uv": [0, 0, 16, 16], "texture": "#0"},
				"east": {"uv": [0, 0, 16, 16], "texture": "#0"},
				"south": {"uv": [0, 0, 16, 16], "texture": "#0"},
				"west": {"uv": [0, 0, 16, 16], "texture": "#0"},
				"up": {"uv": [0, 0, 16, 16], "texture": "#0"},
				"down": {"uv": [0, 0, 16, 16], "texture": "#0"}
			}
		},
		{
			"from": [13.75, 14, 9.25],
			"to": [15.25, 15.5, 10.75],
			"rotation": {"angle": -22.5, "axis": "y", "origin": [14.5, 14.75, 10]},
			"faces": {
				"north": {"uv": [0, 0, 16, 16], "texture": "#0"},
				"east": {"uv": [0, 0, 16, 16], "texture": "#0"},
				"south": {"uv": [0, 0, 16, 16], "texture": "#0"},
				"west": {"uv": [0, 0, 16, 16], "texture": "#0"},
				"up": {"uv": [0, 0, 16, 16], "texture": "#0"},
				"down": {"uv": [0, 0, 16, 16], "texture": "#0"}
			}
		},
		{
			"from": [13.75, 14, 9.25],
			"to": [15.25, 15.5, 10.75],
			"rotation": {"angle": 45, "axis": "y", "origin": [14.5, 14.75, 10]},
			"faces": {
				"north": {"uv": [0, 0, 16, 16], "rotation": 270, "texture": "#0"},
				"east": {"uv": [0, 0, 16, 16], "rotation": 270, "texture": "#0"},
				"south": {"uv": [0, 0, 16, 16], "rotation": 270, "texture": "#0"},
				"west": {"uv": [0, 0, 16, 16], "rotation": 270, "texture": "#0"},
				"up": {"uv": [0, 0, 16, 16], "rotation": 270, "texture": "#0"},
				"down": {"uv": [0, 0, 16, 16], "rotation": 270, "texture": "#0"}
			}
		},
		{
			"from": [13.75, 14, 9.25],
			"to": [15.25, 15.5, 10.75],
			"rotation": {"angle": 22.5, "axis": "y", "origin": [14.5, 14.75, 10]},
			"faces": {
				"north": {"uv": [0, 0, 16, 16], "rotation": 270, "texture": "#0"},
				"east": {"uv": [0, 0, 16, 16], "rotation": 270, "texture": "#0"},
				"south": {"uv": [0, 0, 16, 16], "rotation": 270, "texture": "#0"},
				"west": {"uv": [0, 0, 16, 16], "rotation": 270, "texture": "#0"},
				"up": {"uv": [0, 0, 16, 16], "rotation": 270, "texture": "#0"},
				"down": {"uv": [0, 0, 16, 16], "rotation": 270, "texture": "#0"}
			}
		},
		{
			"from": [13.75, 14, 9.25],
			"to": [15.25, 15.5, 10.75],
			"rotation": {"angle": 0, "axis": "y", "origin": [14.5, 14.75, 10]},
			"faces": {
				"north": {"uv": [0, 0, 16, 16], "rotation": 270, "texture": "#0"},
				"east": {"uv": [0, 0, 16, 16], "rotation": 270, "texture": "#0"},
				"south": {"uv": [0, 0, 16, 16], "rotation": 270, "texture": "#0"},
				"west": {"uv": [0, 0, 16, 16], "rotation": 270, "texture": "#0"},
				"up": {"uv": [0, 0, 16, 16], "rotation": 270, "texture": "#0"},
				"down": {"uv": [0, 0, 16, 16], "rotation": 270, "texture": "#0"}
			}
		},
		{
			"from": [13.75, -9.5, 9.25],
			"to": [15.25, -8, 10.75],
			"rotation": {"angle": -22.5, "axis": "y", "origin": [14.5, 14.75, 10]},
			"faces": {
				"north": {"uv": [0, 0, 16, 16], "texture": "#0"},
				"east": {"uv": [0, 0, 16, 16], "texture": "#0"},
				"south": {"uv": [0, 0, 16, 16], "texture": "#0"},
				"west": {"uv": [0, 0, 16, 16], "texture": "#0"},
				"up": {"uv": [0, 0, 16, 16], "texture": "#0"},
				"down": {"uv": [0, 0, 16, 16], "texture": "#0"}
			}
		},
		{
			"from": [13.75, -9.5, 9.25],
			"to": [15.25, -8, 10.75],
			"rotation": {"angle": 45, "axis": "y", "origin": [14.5, 14.75, 10]},
			"faces": {
				"north": {"uv": [0, 0, 16, 16], "rotation": 270, "texture": "#0"},
				"east": {"uv": [0, 0, 16, 16], "rotation": 270, "texture": "#0"},
				"south": {"uv": [0, 0, 16, 16], "rotation": 270, "texture": "#0"},
				"west": {"uv": [0, 0, 16, 16], "rotation": 270, "texture": "#0"},
				"up": {"uv": [0, 0, 16, 16], "rotation": 270, "texture": "#0"},
				"down": {"uv": [0, 0, 16, 16], "rotation": 270, "texture": "#0"}
			}
		},
		{
			"from": [13.75, -9.5, 9.25],
			"to": [15.25, -8, 10.75],
			"rotation": {"angle": 22.5, "axis": "y", "origin": [14.5, 14.75, 10]},
			"faces": {
				"north": {"uv": [0, 0, 16, 16], "rotation": 270, "texture": "#0"},
				"east": {"uv": [0, 0, 16, 16], "rotation": 270, "texture": "#0"},
				"south": {"uv": [0, 0, 16, 16], "rotation": 270, "texture": "#0"},
				"west": {"uv": [0, 0, 16, 16], "rotation": 270, "texture": "#0"},
				"up": {"uv": [0, 0, 16, 16], "rotation": 270, "texture": "#0"},
				"down": {"uv": [0, 0, 16, 16], "rotation": 270, "texture": "#0"}
			}
		},
		{
			"from": [-4, -8, 6.5],
			"to": [2, 14, 7],
			"rotation": {"angle": 22.5, "axis": "y", "origin": [8, 3, 9.5]},
			"faces": {
				"north": {"uv": [1, 1, 15, 15], "texture": "#0"},
				"east": {"uv": [1, 1, 15, 15], "texture": "#0"},
				"south": {"uv": [0, 0, 16, 16], "texture": "#0"},
				"west": {"uv": [1, 1, 15, 15], "texture": "#0"},
				"up": {"uv": [1, 1, 15, 15], "texture": "#0"},
				"down": {"uv": [1, 1, 15, 15], "texture": "#0"}
			}
		},
		{
			"from": [-4, -8, 6],
			"to": [-3.75, 14, 6.5],
			"rotation": {"angle": 22.5, "axis": "y", "origin": [8, 3, 9.5]},
			"faces": {
				"north": {"uv": [0, 15, 16, 16], "texture": "#0"},
				"east": {"uv": [0, 15, 16, 16], "texture": "#0"},
				"south": {"uv": [0, 15, 16, 16], "texture": "#0"},
				"west": {"uv": [0, 15, 16, 16], "texture": "#0"},
				"up": {"uv": [0, 15, 16, 16], "texture": "#0"},
				"down": {"uv": [0, 15, 16, 16], "texture": "#0"}
			}
		},
		{
			"from": [1.75, -8, 6],
			"to": [2, 14, 6.5],
			"rotation": {"angle": 22.5, "axis": "y", "origin": [8, 3, 9.5]},
			"faces": {
				"north": {"uv": [0, 15, 16, 16], "texture": "#0"},
				"east": {"uv": [0, 15, 16, 16], "texture": "#0"},
				"south": {"uv": [0, 15, 16, 16], "texture": "#0"},
				"west": {"uv": [0, 15, 16, 16], "texture": "#0"},
				"up": {"uv": [0, 15, 16, 16], "texture": "#0"},
				"down": {"uv": [0, 15, 16, 16], "texture": "#0"}
			}
		},
		{
			"from": [-3.75, -8, 6],
			"to": [1.75, -7.75, 6.5],
			"rotation": {"angle": 22.5, "axis": "y", "origin": [8, 3, 9.5]},
			"faces": {
				"north": {"uv": [0, 15, 16, 16], "texture": "#0"},
				"east": {"uv": [0, 15, 16, 16], "texture": "#0"},
				"south": {"uv": [0, 15, 16, 16], "texture": "#0"},
				"west": {"uv": [0, 15, 16, 16], "texture": "#0"},
				"up": {"uv": [0, 15, 16, 16], "texture": "#0"},
				"down": {"uv": [0, 15, 16, 16], "texture": "#0"}
			}
		},
		{
			"from": [-3.75, 13.75, 6],
			"to": [1.75, 14, 6.5],
			"rotation": {"angle": 22.5, "axis": "y", "origin": [8, 3, 9.5]},
			"faces": {
				"north": {"uv": [0, 15, 16, 16], "texture": "#0"},
				"east": {"uv": [0, 15, 16, 16], "texture": "#0"},
				"south": {"uv": [0, 15, 16, 16], "texture": "#0"},
				"west": {"uv": [0, 15, 16, 16], "texture": "#0"},
				"up": {"uv": [0, 15, 16, 16], "texture": "#0"},
				"down": {"uv": [0, 15, 16, 16], "texture": "#0"}
			}
		},
		{
			"from": [14, -8, 6.5],
			"to": [20, 14, 7],
			"rotation": {"angle": -22.5, "axis": "y", "origin": [8, 3, 9.5]},
			"faces": {
				"north": {"uv": [1, 1, 15, 15], "texture": "#0"},
				"east": {"uv": [1, 1, 15, 15], "texture": "#0"},
				"south": {"uv": [0, 0, 16, 16], "texture": "#0"},
				"west": {"uv": [1, 1, 15, 15], "texture": "#0"},
				"up": {"uv": [1, 1, 15, 15], "texture": "#0"},
				"down": {"uv": [1, 1, 15, 15], "texture": "#0"}
			}
		},
		{
			"from": [14, -8, 6],
			"to": [14.25, 14, 6.5],
			"rotation": {"angle": -22.5, "axis": "y", "origin": [8, 3, 9.5]},
			"faces": {
				"north": {"uv": [0, 15, 16, 16], "texture": "#0"},
				"east": {"uv": [0, 15, 16, 16], "texture": "#0"},
				"south": {"uv": [0, 15, 16, 16], "texture": "#0"},
				"west": {"uv": [0, 15, 16, 16], "texture": "#0"},
				"up": {"uv": [0, 15, 16, 16], "texture": "#0"},
				"down": {"uv": [0, 15, 16, 16], "texture": "#0"}
			}
		},
		{
			"from": [19.75, -8, 6],
			"to": [20, 14, 6.5],
			"rotation": {"angle": -22.5, "axis": "y", "origin": [8, 3, 9.5]},
			"faces": {
				"north": {"uv": [0, 15, 16, 16], "texture": "#0"},
				"east": {"uv": [0, 15, 16, 16], "texture": "#0"},
				"south": {"uv": [0, 15, 16, 16], "texture": "#0"},
				"west": {"uv": [0, 15, 16, 16], "texture": "#0"},
				"up": {"uv": [0, 15, 16, 16], "texture": "#0"},
				"down": {"uv": [0, 15, 16, 16], "texture": "#0"}
			}
		},
		{
			"from": [14.25, -8, 6],
			"to": [19.75, -7.75, 6.5],
			"rotation": {"angle": -22.5, "axis": "y", "origin": [8, 3, 9.5]},
			"faces": {
				"north": {"uv": [0, 15, 16, 16], "texture": "#0"},
				"east": {"uv": [0, 15, 16, 16], "texture": "#0"},
				"south": {"uv": [0, 15, 16, 16], "texture": "#0"},
				"west": {"uv": [0, 15, 16, 16], "texture": "#0"},
				"up": {"uv": [0, 15, 16, 16], "texture": "#0"},
				"down": {"uv": [0, 15, 16, 16], "texture": "#0"}
			}
		},
		{
			"from": [14.25, 13.75, 6],
			"to": [19.75, 14, 6.5],
			"rotation": {"angle": -22.5, "axis": "y", "origin": [8, 3, 9.5]},
			"faces": {
				"north": {"uv": [0, 15, 16, 16], "texture": "#0"},
				"east": {"uv": [0, 15, 16, 16], "texture": "#0"},
				"south": {"uv": [0, 15, 16, 16], "texture": "#0"},
				"west": {"uv": [0, 15, 16, 16], "texture": "#0"},
				"up": {"uv": [0, 15, 16, 16], "texture": "#0"},
				"down": {"uv": [0, 15, 16, 16], "texture": "#0"}
			}
		}
	],
	"display": {
		"thirdperson_righthand": {
			"rotation": [45, -30, 0],
			"translation": [2.75, 3.5, 2]
		},
		"thirdperson_lefthand": {
			"rotation": [45, -30, 0],
			"translation": [2.75, 2.75, 2]
		},
		"gui": {
			"rotation": [0, 180, 45],
			"translation": [1.5, 1.5, 0],
			"scale": [0.5, 0.5, 0.5]
		},
		"fixed": {
			"translation": [0, 0, -4.75]
		}
	},
	"groups": [
		{
			"name": "group",
			"origin": [8, 8, 8],
			"children": [0, 1, 2, 3, 4]
		},
		{
			"name": "group",
			"origin": [8, 8, 8],
			"children": [5, 6, 7, 8, 9, 10, 11, 12, 13, 14, 15, 16, 17, 18, 19, 20]
		},
		{
			"name": "group",
			"origin": [8, 8, 8],
			"children": [21, 22, 23]
		},
		{
			"name": "group",
			"origin": [1.5, 19.75, 8.5],
			"children": [24, 25, 26, 27, 28, 29, 30, 31, 32]
		},
		{
			"name": "group",
			"origin": [14.5, 19.75, 8.5],
			"children": [33, 34, 35, 36, 37, 38, 39, 40, 41]
		},
		{
			"name": "group",
			"origin": [8, 8, 8],
			"children": [42, 43, 44, 45, 46]
		},
		{
			"name": "group",
			"origin": [8, 8, 8],
			"children": [47, 48, 49, 50, 51]
		}
	]
}