{
	"credit": "Made with Blockbench",
	"textures": {
		"0": "zenithaddon/001817",
		"particle": "zenithaddon/001817"
	},
	"elements": [
		{
			"from": [7.5, 5, 9.25],
			"to": [8.5, 12, 9.75],
			"faces": {
				"north": {"uv": [0, 0, 16, 16], "texture": "#0"},
				"east": {"uv": [0, 0, 16, 16], "texture": "#0"},
				"south": {"uv": [0, 0, 16, 16], "texture": "#0"},
				"west": {"uv": [0, 0, 16, 16], "texture": "#0"},
				"up": {"uv": [0, 0, 16, 16], "texture": "#0"},
				"down": {"uv": [0, 0, 16, 16], "texture": "#0"}
			}
		},
		{
			"from": [7.5, 12, 8],
			"to": [8.5, 12.5, 9.25],
			"faces": {
				"north": {"uv": [0, 0, 16, 16], "texture": "#0"},
				"east": {"uv": [0, 0, 16, 16], "texture": "#0"},
				"south": {"uv": [0, 0, 16, 16], "texture": "#0"},
				"west": {"uv": [0, 0, 16, 16], "texture": "#0"},
				"up": {"uv": [0, 0, 16, 16], "texture": "#0"},
				"down": {"uv": [0, 0, 16, 16], "texture": "#0"}
			}
		},
		{
			"from": [7.5, 4.5, 8],
			"to": [8.5, 5, 9.25],
			"faces": {
				"north": {"uv": [0, 0, 16, 16], "texture": "#0"},
				"east": {"uv": [0, 0, 16, 16], "texture": "#0"},
				"south": {"uv": [0, 0, 16, 16], "texture": "#0"},
				"west": {"uv": [0, 0, 16, 16], "texture": "#0"},
				"up": {"uv": [0, 0, 16, 16], "texture": "#0"},
				"down": {"uv": [0, 0, 16, 16], "texture": "#0"}
			}
		},
		{
			"from": [1.5, -3, 7.5],
			"to": [14.5, 19, 8],
			"faces": {
				"north": {"uv": [1, 1, 15, 15], "texture": "#0"},
				"east": {"uv": [1, 1, 15, 15], "texture": "#0"},
				"south": {"uv": [0, 0, 16, 16], "texture": "#0"},
				"west": {"uv": [1, 1, 15, 15], "texture": "#0"},
				"up": {"uv": [1, 1, 15, 15], "texture": "#0"},
				"down": {"uv": [1, 1, 15, 15], "texture": "#0"}
			}
		},
		{
			"from": [1.5, 18.75, 7],
			"to": [14.5, 19, 7.5],
			"rotation": {"angle": 0, "axis": "y", "origin": [8, 8, 7.75]},
			"faces": {
				"north": {"uv": [0, 15, 16, 16], "texture": "#0"},
				"east": {"uv": [0, 15, 16, 16], "texture": "#0"},
				"south": {"uv": [0, 15, 16, 16], "texture": "#0"},
				"west": {"uv": [0, 15, 16, 16], "texture": "#0"},
				"up": {"uv": [0, 15, 16, 16], "texture": "#0"},
				"down": {"uv": [0, 15, 16, 16], "texture": "#0"}
			}
		},
		{
			"from": [1.5, -3, 7],
			"to": [14.5, -2.75, 7.5],
			"rotation": {"angle": 0, "axis": "y", "origin": [8, 8, 7.75]},
			"faces": {
				"north": {"uv": [0, 15, 16, 16], "texture": "#0"},
				"east": {"uv": [0, 15, 16, 16], "texture": "#0"},
				"south": {"uv": [0, 15, 16, 16], "texture": "#0"},
				"west": {"uv": [0, 15, 16, 16], "texture": "#0"},
				"up": {"uv": [0, 15, 16, 16], "texture": "#0"},
				"down": {"uv": [0, 15, 16, 16], "texture": "#0"}
			}
		},
		{
			"from": [14.25, -2.75, 7],
			"to": [14.5, 18.75, 7.5],
			"rotation": {"angle": 0, "axis": "y", "origin": [8, 8, 7.75]},
			"faces": {
				"north": {"uv": [0, 15, 16, 16], "texture": "#0"},
				"east": {"uv": [0, 15, 16, 16], "texture": "#0"},
				"south": {"uv": [0, 15, 16, 16], "texture": "#0"},
				"west": {"uv": [0, 15, 16, 16], "texture": "#0"},
				"up": {"uv": [0, 15, 16, 16], "texture": "#0"},
				"down": {"uv": [0, 15, 16, 16], "texture": "#0"}
			}
		},
		{
			"from": [1.5, -2.75, 7],
			"to": [1.75, 18.75, 7.5],
			"rotation": {"angle": 0, "axis": "y", "origin": [8, 8, 7.75]},
			"faces": {
				"north": {"uv": [0, 15, 16, 16], "texture": "#0"},
				"east": {"uv": [0, 15, 16, 16], "texture": "#0"},
				"south": {"uv": [0, 15, 16, 16], "texture": "#0"},
				"west": {"uv": [0, 15, 16, 16], "texture": "#0"},
				"up": {"uv": [0, 15, 16, 16], "texture": "#0"},
				"down": {"uv": [0, 15, 16, 16], "texture": "#0"}
			}
		},
		{
			"from": [0.75, -4.5, 7.75],
			"to": [2.25, -3, 9.25],
			"rotation": {"angle": -22.5, "axis": "y", "origin": [1.5, 19.75, 8.5]},
			"faces": {
				"north": {"uv": [0, 0, 16, 16], "rotation": 270, "texture": "#0"},
				"east": {"uv": [0, 0, 16, 16], "rotation": 270, "texture": "#0"},
				"south": {"uv": [0, 0, 16, 16], "rotation": 270, "texture": "#0"},
				"west": {"uv": [0, 0, 16, 16], "rotation": 270, "texture": "#0"},
				"up": {"uv": [0, 0, 16, 16], "rotation": 90, "texture": "#0"},
				"down": {"uv": [0, 0, 16, 16], "rotation": 90, "texture": "#0"}
			}
		},
		{
			"from": [1.25, -3, 8.25],
			"to": [1.75, 19, 8.75],
			"rotation": {"angle": -22.5, "axis": "y", "origin": [1.5, 19.75, 8.5]},
			"faces": {
				"north": {"uv": [0, 0, 16, 16], "texture": "#0"},
				"east": {"uv": [0, 0, 16, 16], "texture": "#0"},
				"south": {"uv": [0, 0, 16, 16], "texture": "#0"},
				"west": {"uv": [0, 0, 16, 16], "texture": "#0"},
				"up": {"uv": [0, 0, 16, 16], "rotation": 180, "texture": "#0"},
				"down": {"uv": [0, 0, 16, 16], "rotation": 180, "texture": "#0"}
			}
		},
		{
			"from": [0.75, 19, 7.75],
			"to": [2.25, 20.5, 9.25],
			"rotation": {"angle": 45, "axis": "y", "origin": [1.5, 19.75, 8.5]},
			"faces": {
				"north": {"uv": [0, 0, 16, 16], "rotation": 270, "texture": "#0"},
				"east": {"uv": [0, 0, 16, 16], "rotation": 270, "texture": "#0"},
				"south": {"uv": [0, 0, 16, 16], "rotation": 270, "texture": "#0"},
				"west": {"uv": [0, 0, 16, 16], "rotation": 270, "texture": "#0"},
				"up": {"uv": [0, 0, 16, 16], "rotation": 180, "texture": "#0"},
				"down": {"uv": [0, 0, 16, 16], "texture": "#0"}
			}
		},
		{
			"from": [0.75, 19, 7.75],
			"to": [2.25, 20.5, 9.25],
			"rotation": {"angle": 0, "axis": "y", "origin": [1.5, 19.75, 8.5]},
			"faces": {
				"north": {"uv": [0, 0, 16, 16], "texture": "#0"},
				"east": {"uv": [0, 0, 16, 16], "texture": "#0"},
				"south": {"uv": [0, 0, 16, 16], "texture": "#0"},
				"west": {"uv": [0, 0, 16, 16], "texture": "#0"},
				"up": {"uv": [0, 0, 16, 16], "rotation": 180, "texture": "#0"},
				"down": {"uv": [0, 0, 16, 16], "rotation": 180, "texture": "#0"}
			}
		},
		{
			"from": [0.75, 19, 7.75],
			"to": [2.25, 20.5, 9.25],
			"rotation": {"angle": 22.5, "axis": "y", "origin": [1.5, 19.75, 8.5]},
			"faces": {
				"north": {"uv": [0, 0, 16, 16], "rotation": 270, "texture": "#0"},
				"east": {"uv": [0, 0, 16, 16], "rotation": 270, "texture": "#0"},
				"south": {"uv": [0, 0, 16, 16], "rotation": 270, "texture": "#0"},
				"west": {"uv": [0, 0, 16, 16], "rotation": 270, "texture": "#0"},
				"up": {"uv": [0, 0, 16, 16], "rotation": 180, "texture": "#0"},
				"down": {"uv": [0, 0, 16, 16], "texture": "#0"}
			}
		},
		{
			"from": [0.75, 19, 7.75],
			"to": [2.25, 20.5, 9.25],
			"rotation": {"angle": -22.5, "axis": "y", "origin": [1.5, 19.75, 8.5]},
			"faces": {
				"north": {"uv": [0, 0, 16, 16], "rotation": 270, "texture": "#0"},
				"east": {"uv": [0, 0, 16, 16], "rotation": 270, "texture": "#0"},
				"south": {"uv": [0, 0, 16, 16], "rotation": 270, "texture": "#0"},
				"west": {"uv": [0, 0, 16, 16], "rotation": 270, "texture": "#0"},
				"up": {"uv": [0, 0, 16, 16], "rotation": 90, "texture": "#0"},
				"down": {"uv": [0, 0, 16, 16], "rotation": 90, "texture": "#0"}
			}
		},
		{
			"from": [0.75, -4.5, 7.75],
			"to": [2.25, -3, 9.25],
			"rotation": {"angle": 0, "axis": "y", "origin": [1.5, 19.75, 8.5]},
			"faces": {
				"north": {"uv": [0, 0, 16, 16], "texture": "#0"},
				"east": {"uv": [0, 0, 16, 16], "texture": "#0"},
				"south": {"uv": [0, 0, 16, 16], "texture": "#0"},
				"west": {"uv": [0, 0, 16, 16], "texture": "#0"},
				"up": {"uv": [0, 0, 16, 16], "rotation": 180, "texture": "#0"},
				"down": {"uv": [0, 0, 16, 16], "rotation": 180, "texture": "#0"}
			}
		},
		{
			"from": [0.75, -4.5, 7.75],
			"to": [2.25, -3, 9.25],
			"rotation": {"angle": 22.5, "axis": "y", "origin": [1.5, 19.75, 8.5]},
			"faces": {
				"north": {"uv": [0, 0, 16, 16], "rotation": 270, "texture": "#0"},
				"east": {"uv": [0, 0, 16, 16], "rotation": 270, "texture": "#0"},
				"south": {"uv": [0, 0, 16, 16], "rotation": 270, "texture": "#0"},
				"west": {"uv": [0, 0, 16, 16], "rotation": 270, "texture": "#0"},
				"up": {"uv": [0, 0, 16, 16], "rotation": 180, "texture": "#0"},
				"down": {"uv": [0, 0, 16, 16], "texture": "#0"}
			}
		},
		{
			"from": [0.75, -4.5, 7.75],
			"to": [2.25, -3, 9.25],
			"rotation": {"angle": 45, "axis": "y", "origin": [1.5, 19.75, 8.5]},
			"faces": {
				"north": {"uv": [0, 0, 16, 16], "rotation": 270, "texture": "#0"},
				"east": {"uv": [0, 0, 16, 16], "rotation": 270, "texture": "#0"},
				"south": {"uv": [0, 0, 16, 16], "rotation": 270, "texture": "#0"},
				"west": {"uv": [0, 0, 16, 16], "rotation": 270, "texture": "#0"},
				"up": {"uv": [0, 0, 16, 16], "rotation": 180, "texture": "#0"},
				"down": {"uv": [0, 0, 16, 16], "texture": "#0"}
			}
		},
		{
			"from": [1.45777, -3, 9.20547],
			"to": [7.45777, 19, 9.70547],
			"rotation": {"angle": 0, "axis": "y", "origin": [1.5, 19.75, 8.5]},
			"faces": {
				"north": {"uv": [0, 0, 16, 16], "texture": "#0"},
				"east": {"uv": [1, 1, 15, 15], "texture": "#0"},
				"south": {"uv": [1, 1, 15, 15], "texture": "#0"},
				"west": {"uv": [1, 1, 15, 15], "texture": "#0"},
				"up": {"uv": [1, 1, 15, 15], "rotation": 180, "texture": "#0"},
				"down": {"uv": [1, 1, 15, 15], "rotation": 180, "texture": "#0"}
			}
		},
		{
			"from": [7.20777, -3, 9.70547],
			"to": [7.45777, 19, 10.20547],
			"rotation": {"angle": 0, "axis": "y", "origin": [1.5, 19.75, 8.5]},
			"faces": {
				"north": {"uv": [0, 15, 16, 16], "texture": "#0"},
				"east": {"uv": [0, 15, 16, 16], "texture": "#0"},
				"south": {"uv": [0, 15, 16, 16], "texture": "#0"},
				"west": {"uv": [0, 15, 16, 16], "texture": "#0"},
				"up": {"uv": [0, 15, 16, 16], "rotation": 180, "texture": "#0"},
				"down": {"uv": [0, 15, 16, 16], "rotation": 180, "texture": "#0"}
			}
		},
		{
			"from": [1.45777, -3, 9.70547],
			"to": [1.70777, 19, 10.20547],
			"rotation": {"angle": 0, "axis": "y", "origin": [1.5, 19.75, 8.5]},
			"faces": {
				"north": {"uv": [0, 15, 16, 16], "texture": "#0"},
				"east": {"uv": [0, 15, 16, 16], "texture": "#0"},
				"south": {"uv": [0, 15, 16, 16], "texture": "#0"},
				"west": {"uv": [0, 15, 16, 16], "texture": "#0"},
				"up": {"uv": [0, 15, 16, 16], "rotation": 180, "texture": "#0"},
				"down": {"uv": [0, 15, 16, 16], "rotation": 180, "texture": "#0"}
			}
		},
		{
			"from": [1.70777, -3, 9.70547],
			"to": [7.20777, -2.75, 10.20547],
			"rotation": {"angle": 0, "axis": "y", "origin": [1.5, 19.75, 8.5]},
			"faces": {
				"north": {"uv": [0, 15, 16, 16], "texture": "#0"},
				"east": {"uv": [0, 15, 16, 16], "texture": "#0"},
				"south": {"uv": [0, 15, 16, 16], "texture": "#0"},
				"west": {"uv": [0, 15, 16, 16], "texture": "#0"},
				"up": {"uv": [0, 15, 16, 16], "rotation": 180, "texture": "#0"},
				"down": {"uv": [0, 15, 16, 16], "rotation": 180, "texture": "#0"}
			}
		},
		{
			"from": [1.70777, 18.75, 9.70547],
			"to": [7.20777, 19, 10.20547],
			"rotation": {"angle": 0, "axis": "y", "origin": [1.5, 19.75, 8.5]},
			"faces": {
				"north": {"uv": [0, 15, 16, 16], "texture": "#0"},
				"east": {"uv": [0, 15, 16, 16], "texture": "#0"},
				"south": {"uv": [0, 15, 16, 16], "texture": "#0"},
				"west": {"uv": [0, 15, 16, 16], "texture": "#0"},
				"up": {"uv": [0, 15, 16, 16], "rotation": 180, "texture": "#0"},
				"down": {"uv": [0, 15, 16, 16], "rotation": 180, "texture": "#0"}
			}
		},
		{
			"from": [8.69656, -3, 8.9745],
			"to": [14.69656, 19, 9.4745],
			"rotation": {"angle": 0, "axis": "y", "origin": [14.5, 8, 8.5]},
			"faces": {
				"north": {"uv": [0, 0, 16, 16], "texture": "#0"},
				"east": {"uv": [1, 1, 15, 15], "texture": "#0"},
				"south": {"uv": [1, 1, 15, 15], "texture": "#0"},
				"west": {"uv": [1, 1, 15, 15], "texture": "#0"},
				"up": {"uv": [1, 1, 15, 15], "rotation": 180, "texture": "#0"},
				"down": {"uv": [1, 1, 15, 15], "rotation": 180, "texture": "#0"}
			}
		},
		{
			"from": [14.44656, -3, 9.4745],
			"to": [14.69656, 19, 9.9745],
			"rotation": {"angle": 0, "axis": "y", "origin": [14.5, 8, 8.5]},
			"faces": {
				"north": {"uv": [0, 15, 16, 16], "texture": "#0"},
				"east": {"uv": [0, 15, 16, 16], "texture": "#0"},
				"south": {"uv": [0, 15, 16, 16], "texture": "#0"},
				"west": {"uv": [0, 15, 16, 16], "texture": "#0"},
				"up": {"uv": [0, 15, 16, 16], "rotation": 180, "texture": "#0"},
				"down": {"uv": [0, 15, 16, 16], "rotation": 180, "texture": "#0"}
			}
		},
		{
			"from": [8.69656, -3, 9.4745],
			"to": [8.94656, 19, 9.9745],
			"rotation": {"angle": 0, "axis": "y", "origin": [14.5, 8, 8.5]},
			"faces": {
				"north": {"uv": [0, 15, 16, 16], "texture": "#0"},
				"east": {"uv": [0, 15, 16, 16], "texture": "#0"},
				"south": {"uv": [0, 15, 16, 16], "texture": "#0"},
				"west": {"uv": [0, 15, 16, 16], "texture": "#0"},
				"up": {"uv": [0, 15, 16, 16], "rotation": 180, "texture": "#0"},
				"down": {"uv": [0, 15, 16, 16], "rotation": 180, "texture": "#0"}
			}
		},
		{
			"from": [8.94656, -3, 9.4745],
			"to": [14.44656, -2.75, 9.9745],
			"rotation": {"angle": 0, "axis": "y", "origin": [14.5, 8, 8.5]},
			"faces": {
				"north": {"uv": [0, 15, 16, 16], "texture": "#0"},
				"east": {"uv": [0, 15, 16, 16], "texture": "#0"},
				"south": {"uv": [0, 15, 16, 16], "texture": "#0"},
				"west": {"uv": [0, 15, 16, 16], "texture": "#0"},
				"up": {"uv": [0, 15, 16, 16], "rotation": 180, "texture": "#0"},
				"down": {"uv": [0, 15, 16, 16], "rotation": 180, "texture": "#0"}
			}
		},
		{
			"from": [8.94656, 18.75, 9.4745],
			"to": [14.44656, 19, 9.9745],
			"rotation": {"angle": 0, "axis": "y", "origin": [14.5, 8, 8.5]},
			"faces": {
				"north": {"uv": [0, 15, 16, 16], "texture": "#0"},
				"east": {"uv": [0, 15, 16, 16], "texture": "#0"},
				"south": {"uv": [0, 15, 16, 16], "texture": "#0"},
				"west": {"uv": [0, 15, 16, 16], "texture": "#0"},
				"up": {"uv": [0, 15, 16, 16], "rotation": 180, "texture": "#0"},
				"down": {"uv": [0, 15, 16, 16], "rotation": 180, "texture": "#0"}
			}
		},
		{
			"from": [13.75, -4.5, 7.75],
			"to": [15.25, -3, 9.25],
			"rotation": {"angle": 22.5, "axis": "y", "origin": [14.5, 8, 8.5]},
			"faces": {
				"north": {"uv": [0, 0, 16, 16], "rotation": 270, "texture": "#0"},
				"east": {"uv": [0, 0, 16, 16], "rotation": 270, "texture": "#0"},
				"south": {"uv": [0, 0, 16, 16], "rotation": 270, "texture": "#0"},
				"west": {"uv": [0, 0, 16, 16], "rotation": 270, "texture": "#0"},
				"up": {"uv": [0, 0, 16, 16], "rotation": 90, "texture": "#0"},
				"down": {"uv": [0, 0, 16, 16], "rotation": 90, "texture": "#0"}
			}
		},
		{
			"from": [14.25, -3, 8.25],
			"to": [14.75, 19, 8.75],
			"rotation": {"angle": 22.5, "axis": "y", "origin": [14.5, 8, 8.5]},
			"faces": {
				"north": {"uv": [0, 0, 16, 16], "texture": "#0"},
				"east": {"uv": [0, 0, 16, 16], "texture": "#0"},
				"south": {"uv": [0, 0, 16, 16], "texture": "#0"},
				"west": {"uv": [0, 0, 16, 16], "texture": "#0"},
				"up": {"uv": [0, 0, 16, 16], "rotation": 180, "texture": "#0"},
				"down": {"uv": [0, 0, 16, 16], "rotation": 180, "texture": "#0"}
			}
		},
		{
			"from": [13.75, 19, 7.75],
			"to": [15.25, 20.5, 9.25],
			"rotation": {"angle": 0, "axis": "y", "origin": [14.5, 8, 8.5]},
			"faces": {
				"north": {"uv": [0, 0, 16, 16], "texture": "#0"},
				"east": {"uv": [0, 0, 16, 16], "texture": "#0"},
				"south": {"uv": [0, 0, 16, 16], "texture": "#0"},
				"west": {"uv": [0, 0, 16, 16], "texture": "#0"},
				"up": {"uv": [0, 0, 16, 16], "rotation": 180, "texture": "#0"},
				"down": {"uv": [0, 0, 16, 16], "rotation": 180, "texture": "#0"}
			}
		},
		{
			"from": [13.75, 19, 7.75],
			"to": [15.25, 20.5, 9.25],
			"rotation": {"angle": -22.5, "axis": "y", "origin": [14.5, 8, 8.5]},
			"faces": {
				"north": {"uv": [0, 0, 16, 16], "rotation": 270, "texture": "#0"},
				"east": {"uv": [0, 0, 16, 16], "rotation": 270, "texture": "#0"},
				"south": {"uv": [0, 0, 16, 16], "rotation": 270, "texture": "#0"},
				"west": {"uv": [0, 0, 16, 16], "rotation": 270, "texture": "#0"},
				"up": {"uv": [0, 0, 16, 16], "texture": "#0"},
				"down": {"uv": [0, 0, 16, 16], "rotation": 180, "texture": "#0"}
			}
		},
		{
			"from": [13.75, 19, 7.75],
			"to": [15.25, 20.5, 9.25],
			"rotation": {"angle": -45, "axis": "y", "origin": [14.5, 8, 8.5]},
			"faces": {
				"north": {"uv": [0, 0, 16, 16], "rotation": 270, "texture": "#0"},
				"east": {"uv": [0, 0, 16, 16], "rotation": 270, "texture": "#0"},
				"south": {"uv": [0, 0, 16, 16], "rotation": 270, "texture": "#0"},
				"west": {"uv": [0, 0, 16, 16], "rotation": 270, "texture": "#0"},
				"up": {"uv": [0, 0, 16, 16], "texture": "#0"},
				"down": {"uv": [0, 0, 16, 16], "rotation": 180, "texture": "#0"}
			}
		},
		{
			"from": [13.75, 19, 7.75],
			"to": [15.25, 20.5, 9.25],
			"rotation": {"angle": 22.5, "axis": "y", "origin": [14.5, 8, 8.5]},
			"faces": {
				"north": {"uv": [0, 0, 16, 16], "rotation": 270, "texture": "#0"},
				"east": {"uv": [0, 0, 16, 16], "rotation": 270, "texture": "#0"},
				"south": {"uv": [0, 0, 16, 16], "rotation": 270, "texture": "#0"},
				"west": {"uv": [0, 0, 16, 16], "rotation": 270, "texture": "#0"},
				"up": {"uv": [0, 0, 16, 16], "rotation": 90, "texture": "#0"},
				"down": {"uv": [0, 0, 16, 16], "rotation": 90, "texture": "#0"}
			}
		},
		{
			"from": [13.75, -4.5, 7.75],
			"to": [15.25, -3, 9.25],
			"rotation": {"angle": 0, "axis": "y", "origin": [14.5, 8, 8.5]},
			"faces": {
				"north": {"uv": [0, 0, 16, 16], "texture": "#0"},
				"east": {"uv": [0, 0, 16, 16], "texture": "#0"},
				"south": {"uv": [0, 0, 16, 16], "texture": "#0"},
				"west": {"uv": [0, 0, 16, 16], "texture": "#0"},
				"up": {"uv": [0, 0, 16, 16], "rotation": 180, "texture": "#0"},
				"down": {"uv": [0, 0, 16, 16], "rotation": 180, "texture": "#0"}
			}
		},
		{
			"from": [13.75, -4.5, 7.75],
			"to": [15.25, -3, 9.25],
			"rotation": {"angle": -22.5, "axis": "y", "origin": [14.5, 8, 8.5]},
			"faces": {
				"north": {"uv": [0, 0, 16, 16], "rotation": 270, "texture": "#0"},
				"east": {"uv": [0, 0, 16, 16], "rotation": 270, "texture": "#0"},
				"south": {"uv": [0, 0, 16, 16], "rotation": 270, "texture": "#0"},
				"west": {"uv": [0, 0, 16, 16], "rotation": 270, "texture": "#0"},
				"up": {"uv": [0, 0, 16, 16], "texture": "#0"},
				"down": {"uv": [0, 0, 16, 16], "rotation": 180, "texture": "#0"}
			}
		},
		{
			"from": [13.75, -4.5, 7.75],
			"to": [15.25, -3, 9.25],
			"rotation": {"angle": -45, "axis": "y", "origin": [14.5, 8, 8.5]},
			"faces": {
				"north": {"uv": [0, 0, 16, 16], "rotation": 270, "texture": "#0"},
				"east": {"uv": [0, 0, 16, 16], "rotation": 270, "texture": "#0"},
				"south": {"uv": [0, 0, 16, 16], "rotation": 270, "texture": "#0"},
				"west": {"uv": [0, 0, 16, 16], "rotation": 270, "texture": "#0"},
				"up": {"uv": [0, 0, 16, 16], "texture": "#0"},
				"down": {"uv": [0, 0, 16, 16], "rotation": 180, "texture": "#0"}
			}
		},
		{
			"from": [10.55344, 14.0255, 5],
			"to": [12.55344, 22.5255, 7],
			"rotation": {"angle": 0, "axis": "z", "origin": [8.75, 19, 18]},
			"faces": {
				"north": {"uv": [0, 0, 16, 16], "rotation": 180, "texture": "#0"},
				"east": {"uv": [0, 0, 16, 16], "rotation": 90, "texture": "#0"},
				"south": {"uv": [0, 0, 16, 16], "texture": "#0"},
				"west": {"uv": [0, 0, 16, 16], "rotation": 270, "texture": "#0"},
				"up": {"uv": [0, 0, 16, 16], "texture": "#0"},
				"down": {"uv": [0, 0, 16, 16], "rotation": 180, "texture": "#0"}
			}
		},
		{
			"from": [10.55344, 12.0255, 4.75],
			"to": [12.55344, 22.5255, 5],
			"rotation": {"angle": 0, "axis": "z", "origin": [8.75, 19, 18]},
			"faces": {
				"north": {"uv": [0, 0, 16, 16], "rotation": 180, "texture": "#0"},
				"east": {"uv": [0, 0, 16, 16], "rotation": 90, "texture": "#0"},
				"south": {"uv": [0, 0, 16, 16], "texture": "#0"},
				"west": {"uv": [0, 0, 16, 16], "rotation": 270, "texture": "#0"},
				"up": {"uv": [0, 0, 16, 16], "texture": "#0"},
				"down": {"uv": [0, 0, 16, 16], "rotation": 180, "texture": "#0"}
			}
		},
		{
			"from": [12.55344, 13.0255, 5],
			"to": [12.80344, 22.5255, 6.25],
			"rotation": {"angle": 0, "axis": "z", "origin": [8.75, 19, 18]},
			"faces": {
				"north": {"uv": [0, 0, 16, 16], "rotation": 180, "texture": "#0"},
				"east": {"uv": [0, 0, 16, 16], "rotation": 90, "texture": "#0"},
				"south": {"uv": [0, 0, 16, 16], "texture": "#0"},
				"west": {"uv": [0, 0, 16, 16], "rotation": 270, "texture": "#0"},
				"up": {"uv": [0, 0, 16, 16], "texture": "#0"},
				"down": {"uv": [0, 0, 16, 16], "rotation": 180, "texture": "#0"}
			}
		},
		{
			"from": [10.30344, 13.0255, 5],
			"to": [10.55344, 22.5255, 6.25],
			"rotation": {"angle": 0, "axis": "z", "origin": [8.75, 19, 18]},
			"faces": {
				"north": {"uv": [0, 0, 16, 16], "rotation": 180, "texture": "#0"},
				"east": {"uv": [0, 0, 16, 16], "rotation": 90, "texture": "#0"},
				"south": {"uv": [0, 0, 16, 16], "texture": "#0"},
				"west": {"uv": [0, 0, 16, 16], "rotation": 270, "texture": "#0"},
				"up": {"uv": [0, 0, 16, 16], "texture": "#0"},
				"down": {"uv": [0, 0, 16, 16], "rotation": 180, "texture": "#0"}
			}
		},
		{
			"from": [10.55344, -6.5255, 5],
			"to": [12.55344, 1.9745, 7],
			"rotation": {"angle": 0, "axis": "z", "origin": [8.75, -3, 18]},
			"faces": {
				"north": {"uv": [0, 16, 16, 0], "rotation": 180, "texture": "#0"},
				"east": {"uv": [16, 0, 0, 16], "rotation": 90, "texture": "#0"},
				"south": {"uv": [0, 16, 16, 0], "texture": "#0"},
				"west": {"uv": [16, 0, 0, 16], "rotation": 270, "texture": "#0"},
				"up": {"uv": [0, 16, 16, 0], "rotation": 180, "texture": "#0"},
				"down": {"uv": [0, 16, 16, 0], "texture": "#0"}
			}
		},
		{
			"from": [10.55344, -6.5255, 4.75],
			"to": [12.55344, 3.9745, 5],
			"rotation": {"angle": 0, "axis": "z", "origin": [8.75, -3, 18]},
			"faces": {
				"north": {"uv": [0, 16, 16, 0], "rotation": 180, "texture": "#0"},
				"east": {"uv": [16, 0, 0, 16], "rotation": 90, "texture": "#0"},
				"south": {"uv": [0, 16, 16, 0], "texture": "#0"},
				"west": {"uv": [16, 0, 0, 16], "rotation": 270, "texture": "#0"},
				"up": {"uv": [0, 16, 16, 0], "rotation": 180, "texture": "#0"},
				"down": {"uv": [0, 16, 16, 0], "texture": "#0"}
			}
		},
		{
			"from": [12.55344, -6.5255, 5],
			"to": [12.80344, 2.9745, 6.25],
			"rotation": {"angle": 0, "axis": "z", "origin": [8.75, -3, 18]},
			"faces": {
				"north": {"uv": [0, 16, 16, 0], "rotation": 180, "texture": "#0"},
				"east": {"uv": [16, 0, 0, 16], "rotation": 90, "texture": "#0"},
				"south": {"uv": [0, 16, 16, 0], "texture": "#0"},
				"west": {"uv": [16, 0, 0, 16], "rotation": 270, "texture": "#0"},
				"up": {"uv": [0, 16, 16, 0], "rotation": 180, "texture": "#0"},
				"down": {"uv": [0, 16, 16, 0], "texture": "#0"}
			}
		},
		{
			"from": [10.30344, -6.5255, 5],
			"to": [10.55344, 2.9745, 6.25],
			"rotation": {"angle": 0, "axis": "z", "origin": [8.75, -3, 18]},
			"faces": {
				"north": {"uv": [0, 16, 16, 0], "rotation": 180, "texture": "#0"},
				"east": {"uv": [16, 0, 0, 16], "rotation": 90, "texture": "#0"},
				"south": {"uv": [0, 16, 16, 0], "texture": "#0"},
				"west": {"uv": [16, 0, 0, 16], "rotation": 270, "texture": "#0"},
				"up": {"uv": [0, 16, 16, 0], "rotation": 180, "texture": "#0"},
				"down": {"uv": [0, 16, 16, 0], "texture": "#0"}
			}
		},
		{
			"from": [3.44656, 14.0255, 5],
			"to": [5.44656, 22.5255, 7],
			"rotation": {"angle": 0, "axis": "z", "origin": [7.25, 19, 18]},
			"faces": {
				"north": {"uv": [16, 0, 0, 16], "rotation": 180, "texture": "#0"},
				"east": {"uv": [0, 16, 16, 0], "rotation": 270, "texture": "#0"},
				"south": {"uv": [16, 0, 0, 16], "texture": "#0"},
				"west": {"uv": [0, 16, 16, 0], "rotation": 90, "texture": "#0"},
				"up": {"uv": [16, 0, 0, 16], "texture": "#0"},
				"down": {"uv": [16, 0, 0, 16], "rotation": 180, "texture": "#0"}
			}
		},
		{
			"from": [5.44656, -6.5255, 5],
			"to": [5.69656, 2.9745, 6.25],
			"rotation": {"angle": 0, "axis": "z", "origin": [7.25, -3, 18]},
			"faces": {
				"north": {"uv": [16, 16, 0, 0], "rotation": 180, "texture": "#0"},
				"east": {"uv": [16, 16, 0, 0], "rotation": 270, "texture": "#0"},
				"south": {"uv": [16, 16, 0, 0], "texture": "#0"},
				"west": {"uv": [16, 16, 0, 0], "rotation": 90, "texture": "#0"},
				"up": {"uv": [16, 16, 0, 0], "rotation": 180, "texture": "#0"},
				"down": {"uv": [16, 16, 0, 0], "texture": "#0"}
			}
		},
		{
			"from": [3.19656, -6.5255, 5],
			"to": [3.44656, 2.9745, 6.25],
			"rotation": {"angle": 0, "axis": "z", "origin": [7.25, -3, 18]},
			"faces": {
				"north": {"uv": [16, 16, 0, 0], "rotation": 180, "texture": "#0"},
				"east": {"uv": [16, 16, 0, 0], "rotation": 270, "texture": "#0"},
				"south": {"uv": [16, 16, 0, 0], "texture": "#0"},
				"west": {"uv": [16, 16, 0, 0], "rotation": 90, "texture": "#0"},
				"up": {"uv": [16, 16, 0, 0], "rotation": 180, "texture": "#0"},
				"down": {"uv": [16, 16, 0, 0], "texture": "#0"}
			}
		},
		{
			"from": [3.44656, -6.5255, 4.75],
			"to": [5.44656, 3.9745, 5],
			"rotation": {"angle": 0, "axis": "z", "origin": [7.25, -3, 18]},
			"faces": {
				"north": {"uv": [16, 16, 0, 0], "rotation": 180, "texture": "#0"},
				"east": {"uv": [16, 16, 0, 0], "rotation": 270, "texture": "#0"},
				"south": {"uv": [16, 16, 0, 0], "texture": "#0"},
				"west": {"uv": [16, 16, 0, 0], "rotation": 90, "texture": "#0"},
				"up": {"uv": [16, 16, 0, 0], "rotation": 180, "texture": "#0"},
				"down": {"uv": [16, 16, 0, 0], "texture": "#0"}
			}
		},
		{
			"from": [3.44656, -6.5255, 5],
			"to": [5.44656, 1.9745, 7],
			"rotation": {"angle": 0, "axis": "z", "origin": [7.25, -3, 18]},
			"faces": {
				"north": {"uv": [16, 16, 0, 0], "rotation": 180, "texture": "#0"},
				"east": {"uv": [16, 16, 0, 0], "rotation": 270, "texture": "#0"},
				"south": {"uv": [16, 16, 0, 0], "texture": "#0"},
				"west": {"uv": [16, 16, 0, 0], "rotation": 90, "texture": "#0"},
				"up": {"uv": [16, 16, 0, 0], "rotation": 180, "texture": "#0"},
				"down": {"uv": [16, 16, 0, 0], "texture": "#0"}
			}
		},
		{
			"from": [5.44656, 13.0255, 5],
			"to": [5.69656, 22.5255, 6.25],
			"rotation": {"angle": 0, "axis": "z", "origin": [7.25, 19, 18]},
			"faces": {
				"north": {"uv": [16, 0, 0, 16], "rotation": 180, "texture": "#0"},
				"east": {"uv": [0, 16, 16, 0], "rotation": 270, "texture": "#0"},
				"south": {"uv": [16, 0, 0, 16], "texture": "#0"},
				"west": {"uv": [0, 16, 16, 0], "rotation": 90, "texture": "#0"},
				"up": {"uv": [16, 0, 0, 16], "texture": "#0"},
				"down": {"uv": [16, 0, 0, 16], "rotation": 180, "texture": "#0"}
			}
		},
		{
			"from": [3.19656, 13.0255, 5],
			"to": [3.44656, 22.5255, 6.25],
			"rotation": {"angle": 0, "axis": "z", "origin": [7.25, 19, 18]},
			"faces": {
				"north": {"uv": [16, 0, 0, 16], "rotation": 180, "texture": "#0"},
				"east": {"uv": [0, 16, 16, 0], "rotation": 270, "texture": "#0"},
				"south": {"uv": [16, 0, 0, 16], "texture": "#0"},
				"west": {"uv": [0, 16, 16, 0], "rotation": 90, "texture": "#0"},
				"up": {"uv": [16, 0, 0, 16], "texture": "#0"},
				"down": {"uv": [16, 0, 0, 16], "rotation": 180, "texture": "#0"}
			}
		},
		{
			"from": [3.44656, 12.0255, 4.75],
			"to": [5.44656, 22.5255, 5],
			"rotation": {"angle": 0, "axis": "z", "origin": [7.25, 19, 18]},
			"faces": {
				"north": {"uv": [16, 0, 0, 16], "rotation": 180, "texture": "#0"},
				"east": {"uv": [0, 16, 16, 0], "rotation": 270, "texture": "#0"},
				"south": {"uv": [16, 0, 0, 16], "texture": "#0"},
				"west": {"uv": [0, 16, 16, 0], "rotation": 90, "texture": "#0"},
				"up": {"uv": [16, 0, 0, 16], "texture": "#0"},
				"down": {"uv": [16, 0, 0, 16], "rotation": 180, "texture": "#0"}
			}
		}
	],
	"display": {
		"thirdperson_righthand": {
			"rotation": [0, -90, 0],
			"translation": [4.25, 0, 6.25]
		},
		"thirdperson_lefthand": {
			"rotation": [0, -90, 0],
			"translation": [4.25, 0, 6.25]
		},
		"firstperson_righthand": {
			"rotation": [0, -90, 0],
			"translation": [4.25, 0, 6.25]
		},
		"firstperson_lefthand": {
			"rotation": [0, -90, 0],
			"translation": [4.25, 0, 6.25]
		},
		"ground": {
			"translation": [0, 11.25, 0]
		},
		"gui": {
			"rotation": [180, 0, 45],
			"scale": [0.5, 0.5, 0.5]
		},
		"fixed": {
			"translation": [0, 0, -2.5]
		}
	},
	"groups": [
		{
			"name": "group",
			"origin": [8, 8, 8],
			"children": [0, 1, 2]
		},
		{
			"name": "group",
			"origin": [8, 8, 8],
			"children": [3, 4, 5, 6, 7]
		},
		{
			"name": "group",
			"origin": [1.5, 19.75, 8.5],
			"children": [8, 9, 10, 11, 12, 13, 14, 15, 16]
		},
		{
			"name": "group",
			"origin": [8, 8, 8],
			"children": [17, 18, 19, 20, 21]
		},
		{
			"name": "group",
			"origin": [8, 8, 8],
			"children": [22, 23, 24, 25, 26]
		},
		{
			"name": "group",
			"origin": [14.5, 19.75, 8.5],
			"children": [27, 28, 29, 30, 31, 32, 33, 34, 35]
		},
		{
			"name": "group",
			"origin": [8.75, 19, 18],
			"children": [36, 37, 38, 39]
		},
		{
			"name": "group",
			"origin": [8.75, 19, 18],
			"children": [40, 41, 42, 43]
		}, 44, 45, 46, 47, 48, 49, 50, 51]
}