{
	"teleport": {
		"sounds": [
			{
				"name": "teleport",
				"stream": true
			}
		]
	},
	"wave": {
		"sounds": [
			{
				"name": "wave",
				"stream": true
			}
		]
	},
	"waveexplode": {
		"sounds": [
			{
				"name": "waveexplode",
				"stream": true
			}
		]
	},
	"reborn": {
		"sounds": [
			{
				"name": "reborn",
				"stream": true
			}
		]
	},
	"relicpick": {
		"sounds": [
			{
				"name": "relicpick",
				"stream": true
			}
		]
	},
	"detect": {
		"sounds": [
			{
				"name": "detect",
				"stream": true
			}
		]
	},
	"balista": {
		"sounds": [
			{
				"name": "balista",
				"stream": true
			}
		]
	},
	"balistaoffhand": {
		"sounds": [
			{
				"name": "balistaoffhand",
				"stream": true
			}
		]
	},
	"deflection": {
		"sounds": [
			{
				"name": "deflection",
				"stream": true
			}
		]
	},
	"motlock": {
		"sounds": [
			{
				"name": "motlock",
				"stream": true
			}
		]
	},
	"weird": {
		"sounds": [
			{
				"name": "weird",
				"stream": true
			}
		]
	},
	"weirdbg": {
		"sounds": [
			{
				"name": "weirdbg",
				"stream": true
			}
		]
	},
	"vortex": {
		"sounds": [
			{
				"name": "vortex",
				"stream": true
			}
		]
	}
}