{
  "parent": "zenith:1/modifiedmobs",
  "display": {
    "icon": {
      "item": "minecraft:zombie_head"
    },
    "title": {
      "translate": "adv.zenith.hypothesis.title"
    },
    "description": {
      "translate": "adv.zenith.hypothesis.dscp"
    },
    "frame": "task",
    "show_toast": true,
    "announce_to_chat": false,
    "hidden": true
  },
  "criteria": {
    "hurt_by_mobs": {
      "trigger": "minecraft:entity_hurt_player",
      "conditions": {
				"damage":{"source_entity": {
					"nbt":"{Tags:[\"zenithmodified\"]}"
				}
			}}
    },
	"kill_mobs": {
      "trigger": "minecraft:player_killed_entity",
      "conditions": {
				"entity":{"nbt":"{Tags:[\"zenithmodified\"]}"}
				}
    }
  },
  "requirements": [
    [
      "hurt_by_mobs",
	  "kill_mobs"
    ]
  ]
}