{
  "parent": "zenith:1/nexuscrafting",
  "display": {
    "icon": {
      "item": "minecraft:shield",
			  "nbt":"{CustomModelData:26800}"
    },
    "title": {
      "translate": "adv.zenith.nexus.title"
    },
    "description": {
      "translate": "adv.zenith.nexus.dscp"
    },
    "frame": "goal",
    "show_toast": true,
    "announce_to_chat": false,
    "hidden": true
  },
  "criteria": {
    "get_nexus": {
      "trigger": "minecraft:inventory_changed",
      "conditions": {
        "items": [
          {
            "item": "minecraft:shield",
			"nbt":"{CustomModelData:26800}"
          }
        ]
      }
    }
  },
  "requirements": [
    [
      "get_nexus"
    ]
],
  "rewards":{
  "function":"zenith:advrewards/nexus"
  }
}