{
  "parent": "zenith:1/terracrafting",
  "display": {
    "icon": {
      "item": "minecraft:firework_star",
			  "nbt":"{CustomModelData:26800}"
    },
    "title": {
      "translate": "adv.zenith.transformation.title"
    },
    "description": {
      "translate": "adv.zenith.transformation.dscp"
    },
    "frame": "task",
    "show_toast": true,
    "announce_to_chat": false,
    "hidden": true
  },
  "criteria": {
    "get_transformation": {
      "trigger": "minecraft:inventory_changed",
      "conditions": {
        "items": [
          {
            "item": "minecraft:firework_star",
			"nbt":"{CustomModelData:26800}"
          }
        ]
      }
    }
  },
  "requirements": [
    [
      "get_transformation"
    ]
  ]
}