{
  "parent": "zenith:1/healing1",
  "display": {
    "icon": {
      "item": "minecraft:ender_eye",
			  "nbt":"{CustomModelData:26814}"
    },
    "title": {
      "translate": "adv.zenith.altar.title"
    },
    "description": {
      "translate": "adv.zenith.altar.dscp"
    },
    "frame": "task",
    "show_toast": true,
    "announce_to_chat": false,
    "hidden": true
  },
  "criteria": {
    "get_healing1": {
      "trigger": "minecraft:inventory_changed",
      "conditions": {
        "items": [
          {
            "item": "minecraft:diamond_sword",
			"nbt":"{CustomModelData:26800}"
          }
        ]
      }
    }
  },
  "requirements": [
    [
      "get_healing1"
    ]
]
}