{
  "parent": "zenith:1/theyrecoming",
  "display": {
    "icon": {
      "item": "minecraft:ender_eye",
			  "nbt":"{CustomModelData:26812}"
    },
    "title": {
      "translate": "adv.zenith.blaze.title"
    },
    "description": {
      "translate": "adv.zenith.blaze.dscp"
    },
    "frame": "task",
    "show_toast": true,
    "announce_to_chat": false,
    "hidden": false
  },
  "criteria": {
    "get_blaze_rod": {
      "trigger": "minecraft:inventory_changed",
      "conditions": {
        "items": [
          {
            "item": "minecraft:blaze_rod"
          }
        ]
      }
    }
  },
  "requirements": [
    [
      "get_blaze_rod"
    ]
]
}