{
  "parent": "zenith:1/altar",
  "display": {
    "icon": {
      "item": "minecraft:golden_sword",
			"nbt":"{CustomModelData:26800}"
    },
    "title": {
      "translate": "adv.zenith.erebuscrafting.title"
    },
    "description": {
      "translate": "adv.zenith.erebuscrafting.dscp"
    },
    "frame": "task",
    "show_toast": true,
    "announce_to_chat": false,
    "hidden": true
  },
  "criteria": {
    "get_nether_star": {
      "trigger": "minecraft:inventory_changed",
      "conditions": {
        "items": [
          {
            "item": "minecraft:nether_star"
          }
        ]
      }
    },
	"get_dragon_breath": {
      "trigger": "minecraft:inventory_changed",
      "conditions": {
        "items": [
          {
            "item": "minecraft:dragon_breath"
          }
        ]
      }
    }
  },
  "requirements": [
    [
      "get_nether_star"
    ],
	[
      "get_dragon_breath"
    ]
]
}