{
  "parent": "zenith:1/erebuscrafting",
  "display": {
    "icon": {
      "item": "minecraft:golden_sword",
			"nbt":"{CustomModelData:26801}"
    },
    "title": {
      "translate": "adv.zenith.erebus.title"
    },
    "description": {
      "translate": "adv.zenith.erebus.dscp"
    },
    "frame": "challenge",
    "show_toast": true,
    "announce_to_chat": true,
    "hidden": true
  },
  "criteria": {
    "get_erebus": {
      "trigger": "minecraft:inventory_changed",
      "conditions": {
        "items": [
          {
            "item": "minecraft:golden_sword",
			"nbt":"{CustomModelData:26801}"
          }
        ]
      }
    }
  },
  "requirements": [
    [
      "get_erebus"
    ]
],
  "rewards":{
  "function":"zenith:advrewards/erebus"
  }
}