{
  "parent": "zenith:1/fortress",
  "display": {
    "icon": {
      "item": "minecraft:diamond_sword",
			  "nbt":"{CustomModelData:26800}"
    },
    "title": {
      "translate": "adv.zenith.healing1.title"
    },
    "description": {
      "translate": "adv.zenith.healing1.dscp"
    },
    "frame": "goal",
    "show_toast": true,
    "announce_to_chat": false,
    "hidden": true
  },
  "criteria": {
    "get_healing1": {
      "trigger": "minecraft:inventory_changed",
      "conditions": {
        "items": [
          {
            "item": "minecraft:diamond_sword",
			"nbt":"{CustomModelData:26800}"
          }
        ]
      }
    }
  },
  "requirements": [
    [
      "get_healing1"
    ]
],
  "rewards":{
  "function":"zenith:advrewards/nether"
  }
}