{
  "parent": "zenith:1/root",
  "display": {
    "icon": {
      "item": "minecraft:totem_of_undying",
			  "nbt":"{CustomModelData:26800}"
    },
    "title": {
      "translate": "adv.zenith.healing_totem.title"
    },
    "description": {
      "translate": "adv.zenith.healing_totem.dscp"
    },
    "frame": "goal",
    "show_toast": true,
    "announce_to_chat": true,
    "hidden": true
  },
  "criteria": {
    "get_crafting_table": {
      "trigger": "minecraft:inventory_changed",
      "conditions": {
        "items": [
          {
            "item": "minecraft:crafting_table"
          }
        ]
      }
    }
  },
  "requirements": [
    [
      "get_crafting_table"
    ]
  ],
  "rewards":{
  "function":"zenith:advrewards/healing"
  }
}