{
  "parent": "zenith:1/zenithcrafting",
  "display": {
    "icon": {
      "item": "minecraft:crossbow",
			  "nbt":"{CustomModelData:26801}"
    },
    "title": {
      "translate": "adv.zenith.infinitycrafting.title"
    },
    "description": {
      "translate": "adv.zenith.infinitycrafting.dscp"
    },
    "frame": "task",
    "show_toast": true,
    "announce_to_chat": false,
    "hidden": true
  },
  "criteria": {
    "get_crossbow": {
      "trigger": "minecraft:inventory_changed",
      "conditions": {
        "items": [
          {
            "item": "crossbow"
          }
        ]
      }
    },
	"get_terra": {
      "trigger": "minecraft:inventory_changed",
      "conditions": {
        "items": [
          {
            "item": "minecraft:carrot_on_a_stick",
			"nbt":"{CustomModelData:26800}"
          }
        ]
      }
    }
  },
  "requirements": [
    [
      "get_crossbow"
    ],
	[
      "get_terra"
    ]
  ]
}