{
  "parent": "zenith:1/infinitycrafting",
  "display": {
    "icon": {
      "item": "minecraft:crossbow",
			  "nbt":"{CustomModelData:26800}"
    },
    "title": {
      "translate": "adv.zenith.infinity.title"
    },
    "description": {
      "translate": "adv.zenith.infinity.dscp"
    },
    "frame": "goal",
    "show_toast": true,
    "announce_to_chat": true,
    "hidden": true
  },
  "criteria": {
    "get_infinity": {
      "trigger": "minecraft:inventory_changed",
      "conditions": {
        "items": [
          {
            "item": "minecraft:crossbow",
			"nbt":"{CustomModelData:26800}"
          }
        ]
      }
    }
  },
  "requirements": [
    [
      "get_infinity"
    ]
  ],
  "rewards":{
  "function":"zenith:advrewards/infinity"
  }
}