{
  "parent": "zenith:1/powermatrix",
  "display": {
    "icon": {
      "item": "minecraft:beacon"
    },
    "title": {
      "translate": "adv.zenith.matrixaddon.title"
    },
    "description": {
      "translate": "adv.zenith.matrixaddon.dscp"
    },
    "frame": "goal",
    "show_toast": true,
    "announce_to_chat": true,
    "hidden": true
  },
  "criteria": {
    "beacon": {
      "trigger": "minecraft:construct_beacon",
      "conditions": {
        "level": {
          "min": 1
        }
      }
    }
  },
  "requirements": [
    [
      "beacon"
    ]
  ]
}