{
  "parent": "zenith:1/skillmotlock",
  "display": {
    "icon": {
      "item": "minecraft:ender_eye",
			  "nbt":"{CustomModelData:26805}"
    },
    "title": {
      "translate": "adv.zenith.motlocklv1.title"
    },
    "description": {
      "translate": "adv.zenith.motlocklv1.dscp"
    },
    "frame": "task",
    "show_toast": true,
    "announce_to_chat": true,
    "hidden": false
  },
	"criteria": {
		"element": {
			"trigger": "minecraft:impossible"
		}
	},
  "rewards":{
  "function":"zenith:advrewards/motlocklv1"
  }
}