{
  "parent": "zenith:1/altar",
  "display": {
    "icon": {
      "item": "minecraft:shield"
    },
    "title": {
      "translate": "adv.zenith.nexuscrafting.title"
    },
    "description": {
      "translate": "adv.zenith.nexuscrafting.dscp"
    },
    "frame": "task",
    "show_toast": true,
    "announce_to_chat": false,
    "hidden": true
  },
  "criteria": {
    "get_shield": {
      "trigger": "minecraft:inventory_changed",
      "conditions": {
        "items": [
          {
            "item": "minecraft:shield"
          }
        ]
      }
    },
	"get_healing1": {
      "trigger": "minecraft:inventory_changed",
      "conditions": {
        "items": [
          {
            "item": "minecraft:diamond_sword",
			"nbt":"{CustomModelData:26800}"
          }
        ]
      }
    }
  },
  "requirements": [
    [
      "get_shield"
    ],
	[
      "get_healing1"
    ]
]
}