{
  "parent": "zenith:1/zenithcrafting",
  "display": {
    "icon": {
      "item": "minecraft:firework_star",
			  "nbt":"{CustomModelData:26814}"
    },
    "title": {
      "translate": "adv.zenith.powermonitor.title"
    },
    "description": {
      "translate": "adv.zenith.powermonitor.dscp"
    },
    "frame": "task",
    "show_toast": true,
    "announce_to_chat": false,
    "hidden": false
  },
  "criteria": {
    "get_power_monitor": {
      "trigger": "minecraft:inventory_changed",
      "conditions": {
        "items": [
          {
            "item": "minecraft:firework_star",
			"nbt":"{zenithid:power_monitor}"
          }
        ]
      }
    }
  },
  "requirements": [
    [
      "get_power_monitor"
    ]
  ]
}