{
  "parent": "zenith:1/healing",
  "display": {
    "icon": {
      "item": "minecraft:blaze_powder"
    },
    "title": {
      "translate": "adv.zenith.reborn.title"
    },
    "description": {
      "translate": "adv.zenith.reborn.dscp"
    },
    "frame": "task",
    "show_toast": true,
    "announce_to_chat": false,
    "hidden": true
  },
  "criteria": {
    "used_totem": {
      "trigger": "minecraft:used_totem",
      "conditions": {
        "item": {
          "item": "minecraft:totem_of_undying"
        }
      }
    }
  },
  "requirements": [
    [
      "used_totem"
    ]
  ]
}