{
  "parent": "zenith:1/skill",
  "display": {
    "icon": {
      "item": "minecraft:ender_eye",
			  "nbt":"{CustomModelData:26806}"
    },
    "title": {
      "translate": "adv.zenith.skillregeneration.title"
    },
    "description": {
      "translate": "adv.zenith.skillregeneration.dscp"
    },
    "frame": "goal",
    "show_toast": true,
    "announce_to_chat": true,
    "hidden": false
  },
	"criteria": {
		"element": {
			"trigger": "minecraft:impossible"
		}
	},
  "rewards":{
  "function":"zenith:advrewards/regeneration"
  }
}