{
  "parent": "zenith:1/statue",
  "display": {
    "icon": {
      "item": "minecraft:red_bed"
    },
    "title": {
      "translate": "adv.zenith.terracrafting.title"
    },
    "description": {
      "translate": "adv.zenith.terracrafting.dscp"
    },
    "frame": "task",
    "show_toast": true,
    "announce_to_chat": true,
    "hidden": true
  },
  "criteria": {
    "slept_in_bed": {
      "trigger": "minecraft:slept_in_bed"
    }
  },
  "requirements": [
    [
      "slept_in_bed"
    ]
  ]
}