{
  "parent": "zenith:1/transformation",
  "display": {
    "icon": {
      "item": "minecraft:carrot_on_a_stick",
			  "nbt":"{CustomModelData:26800}"
    },
    "title": {
      "translate": "adv.zenith.terra.title"
    },
    "description": {
      "translate": "adv.zenith.terra.dscp"
    },
    "frame": "goal",
    "show_toast": true,
    "announce_to_chat": false,
    "hidden": true
  },
  "criteria": {
    "get_terra": {
      "trigger": "minecraft:inventory_changed",
      "conditions": {
        "items": [
          {
            "item": "minecraft:carrot_on_a_stick",
			"nbt":"{CustomModelData:26800}"
          }
        ]
      }
    }
  },
  "requirements": [
    [
      "get_terra"
    ]
  ],
  "rewards":{
  "function":"zenith:advrewards/terra"
  }
}