{
  "parent": "zenith:1/healing",
  "display": {
    "icon": {
      "item": "minecraft:ender_eye",
			  "nbt":"{CustomModelData:26809}"
    },
    "title": {
      "translate": "adv.zenith.weirdfeeling.title"
    },
    "description": {
      "translate": "adv.zenith.weirdfeeling.dscp"
    },
    "frame": "task",
    "show_toast": true,
    "announce_to_chat": false,
    "hidden": true
  },
  "criteria": {
    "entered_nether": {
      "trigger": "minecraft:changed_dimension",
      "conditions": {
        "to": "minecraft:the_nether"
      }
    },
	"enter_air": {
      "trigger": "minecraft:enter_block",
      "conditions": {
        "block": "minecraft:air"
      }
    }
  },
  "requirements": [
    [
      "entered_nether"
    ],
	[
      "enter_air"
    ]
  ],
	"rewards": {
		"function": "zenith:nether/tagadd"
	}
}