{
	"credit": "Made with Blockbench",
	"textures": {
		"0": "zenithaddon/001817",
		"1": "zenithaddon/1a051b",
		"2": "zenithaddon/00ffc6",
		"6": "block/red_wool",
		"7": "block/white_wool",
		"particle": "zenithaddon/001817"
	},
	"elements": [
		{
			"from": [7.675, 5.175, 17.75],
			"to": [8.325, 5.5, 21.05],
			"rotation": {"angle": 0, "axis": "y", "origin": [8, 6.15, -2.4]},
			"faces": {
				"north": {"uv": [0, 0, 16, 16], "texture": "#0"},
				"east": {"uv": [0, 0, 16, 16], "texture": "#0"},
				"south": {"uv": [0, 0, 16, 16], "texture": "#0"},
				"west": {"uv": [0, 0, 16, 16], "texture": "#0"},
				"up": {"uv": [0, 0, 16, 16], "texture": "#0"},
				"down": {"uv": [0, 0, 16, 16], "texture": "#0"}
			}
		},
		{
			"from": [7.675, 5.175, -13.8],
			"to": [8.325, 5.5, -10.5],
			"rotation": {"angle": 0, "axis": "y", "origin": [8, 6.15, 9.65]},
			"faces": {
				"north": {"uv": [0, 0, 16, 16], "texture": "#0"},
				"east": {"uv": [0, 0, 16, 16], "texture": "#0"},
				"south": {"uv": [0, 0, 16, 16], "texture": "#0"},
				"west": {"uv": [0, 0, 16, 16], "texture": "#0"},
				"up": {"uv": [0, 0, 16, 16], "texture": "#0"},
				"down": {"uv": [0, 0, 16, 16], "texture": "#0"}
			}
		},
		{
			"from": [7.35, 5.5, 17.75],
			"to": [7.675, 6.15, 21.05],
			"rotation": {"angle": 22.5, "axis": "z", "origin": [8, 6.15, -2.4]},
			"faces": {
				"north": {"uv": [0, 0, 16, 16], "rotation": 90, "texture": "#0"},
				"east": {"uv": [0, 0, 16, 16], "rotation": 90, "texture": "#0"},
				"south": {"uv": [0, 0, 16, 16], "rotation": 90, "texture": "#0"},
				"west": {"uv": [0, 0, 16, 16], "rotation": 90, "texture": "#0"},
				"up": {"uv": [0, 0, 16, 16], "rotation": 90, "texture": "#0"},
				"down": {"uv": [0, 0, 16, 16], "rotation": 90, "texture": "#0"}
			}
		},
		{
			"from": [7.35, 5.5, -13.8],
			"to": [7.675, 6.15, -10.5],
			"rotation": {"angle": 22.5, "axis": "z", "origin": [8, 6.15, 9.65]},
			"faces": {
				"north": {"uv": [0, 0, 16, 16], "rotation": 90, "texture": "#0"},
				"east": {"uv": [0, 0, 16, 16], "rotation": 90, "texture": "#0"},
				"south": {"uv": [0, 0, 16, 16], "rotation": 90, "texture": "#0"},
				"west": {"uv": [0, 0, 16, 16], "rotation": 90, "texture": "#0"},
				"up": {"uv": [0, 0, 16, 16], "rotation": 90, "texture": "#0"},
				"down": {"uv": [0, 0, 16, 16], "rotation": 90, "texture": "#0"}
			}
		},
		{
			"from": [8.325, 5.5, 17.75],
			"to": [8.65, 6.15, 21.05],
			"rotation": {"angle": -22.5, "axis": "z", "origin": [8, 6.15, -2.4]},
			"faces": {
				"north": {"uv": [0, 0, 16, 16], "rotation": 90, "texture": "#0"},
				"east": {"uv": [0, 0, 16, 16], "rotation": 90, "texture": "#0"},
				"south": {"uv": [0, 0, 16, 16], "rotation": 90, "texture": "#0"},
				"west": {"uv": [0, 0, 16, 16], "rotation": 90, "texture": "#0"},
				"up": {"uv": [0, 0, 16, 16], "rotation": 90, "texture": "#0"},
				"down": {"uv": [0, 0, 16, 16], "rotation": 90, "texture": "#0"}
			}
		},
		{
			"from": [8.325, 5.5, -13.8],
			"to": [8.65, 6.15, -10.5],
			"rotation": {"angle": -22.5, "axis": "z", "origin": [8, 6.15, 9.65]},
			"faces": {
				"north": {"uv": [0, 0, 16, 16], "rotation": 90, "texture": "#0"},
				"east": {"uv": [0, 0, 16, 16], "rotation": 90, "texture": "#0"},
				"south": {"uv": [0, 0, 16, 16], "rotation": 90, "texture": "#0"},
				"west": {"uv": [0, 0, 16, 16], "rotation": 90, "texture": "#0"},
				"up": {"uv": [0, 0, 16, 16], "rotation": 90, "texture": "#0"},
				"down": {"uv": [0, 0, 16, 16], "rotation": 90, "texture": "#0"}
			}
		},
		{
			"from": [7.5, 5.5, -12.25],
			"to": [7.75, 6, 17.75],
			"rotation": {"angle": 22.5, "axis": "z", "origin": [8, 6, 1.25]},
			"faces": {
				"north": {"uv": [0, 0, 16, 16], "rotation": 90, "texture": "#0"},
				"east": {"uv": [0, 0, 16, 16], "rotation": 90, "texture": "#0"},
				"south": {"uv": [0, 0, 16, 16], "rotation": 90, "texture": "#0"},
				"west": {"uv": [0, 0, 16, 16], "rotation": 90, "texture": "#0"},
				"up": {"uv": [0, 0, 16, 16], "rotation": 90, "texture": "#0"},
				"down": {"uv": [0, 0, 16, 16], "rotation": 90, "texture": "#0"}
			}
		},
		{
			"from": [7.75, 5.25, -12.25],
			"to": [8.25, 5.5, 17.75],
			"rotation": {"angle": 0, "axis": "y", "origin": [8, 6, 1.25]},
			"faces": {
				"north": {"uv": [0, 0, 16, 16], "texture": "#0"},
				"east": {"uv": [0, 0, 16, 16], "texture": "#0"},
				"south": {"uv": [0, 0, 16, 16], "texture": "#0"},
				"west": {"uv": [0, 0, 16, 16], "texture": "#0"},
				"up": {"uv": [0, 0, 16, 16], "texture": "#0"},
				"down": {"uv": [0, 0, 16, 16], "texture": "#0"}
			}
		},
		{
			"from": [8.25, 5.5, -12.25],
			"to": [8.5, 6, 17.75],
			"rotation": {"angle": -22.5, "axis": "z", "origin": [8, 6, 1.25]},
			"faces": {
				"north": {"uv": [0, 0, 16, 16], "rotation": 90, "texture": "#0"},
				"east": {"uv": [0, 0, 16, 16], "rotation": 90, "texture": "#0"},
				"south": {"uv": [0, 0, 16, 16], "rotation": 90, "texture": "#0"},
				"west": {"uv": [0, 0, 16, 16], "rotation": 90, "texture": "#0"},
				"up": {"uv": [0, 0, 16, 16], "rotation": 90, "texture": "#0"},
				"down": {"uv": [0, 0, 16, 16], "rotation": 90, "texture": "#0"}
			}
		},
		{
			"from": [7.625, 3.875, -13.75],
			"to": [8.375, 4.25, 21],
			"rotation": {"angle": 0, "axis": "y", "origin": [8, 5, -1.75]},
			"faces": {
				"north": {"uv": [0, 0, 16, 16], "texture": "#0"},
				"east": {"uv": [0, 0, 16, 16], "texture": "#0"},
				"south": {"uv": [0, 0, 16, 16], "texture": "#0"},
				"west": {"uv": [0, 0, 16, 16], "texture": "#0"},
				"up": {"uv": [0, 0, 16, 16], "texture": "#0"},
				"down": {"uv": [0, 0, 16, 16], "texture": "#0"}
			}
		},
		{
			"from": [7.1875, 3.8125, -13.75],
			"to": [8.0625, 4.1875, 21],
			"rotation": {"angle": -22.5, "axis": "z", "origin": [8, 5, -1.75]},
			"faces": {
				"north": {"uv": [0, 0, 16, 16], "texture": "#0"},
				"east": {"uv": [0, 0, 16, 16], "texture": "#0"},
				"south": {"uv": [0, 0, 16, 16], "texture": "#0"},
				"west": {"uv": [0, 0, 16, 16], "texture": "#0"},
				"up": {"uv": [0, 0, 16, 16], "texture": "#0"},
				"down": {"uv": [0, 0, 16, 16], "texture": "#0"}
			}
		},
		{
			"from": [7.9375, 3.8125, -13.75],
			"to": [8.8125, 4.1875, 21],
			"rotation": {"angle": 22.5, "axis": "z", "origin": [8, 5, -1.75]},
			"faces": {
				"north": {"uv": [0, 0, 16, 16], "texture": "#0"},
				"east": {"uv": [0, 0, 16, 16], "texture": "#0"},
				"south": {"uv": [0, 0, 16, 16], "texture": "#0"},
				"west": {"uv": [0, 0, 16, 16], "texture": "#0"},
				"up": {"uv": [0, 0, 16, 16], "texture": "#0"},
				"down": {"uv": [0, 0, 16, 16], "texture": "#0"}
			}
		},
		{
			"from": [6.8125, 2.9375, -13.75],
			"to": [7.1875, 4.5625, 21],
			"rotation": {"angle": 0, "axis": "z", "origin": [8, 5, -1.75]},
			"faces": {
				"north": {"uv": [0, 0, 16, 16], "rotation": 90, "texture": "#0"},
				"east": {"uv": [0, 0, 16, 16], "rotation": 90, "texture": "#0"},
				"south": {"uv": [0, 0, 16, 16], "rotation": 90, "texture": "#0"},
				"west": {"uv": [0, 0, 16, 16], "rotation": 90, "texture": "#0"},
				"up": {"uv": [0, 0, 16, 16], "rotation": 90, "texture": "#0"},
				"down": {"uv": [0, 0, 16, 16], "rotation": 90, "texture": "#0"}
			}
		},
		{
			"from": [8.8125, 2.9375, -13.75],
			"to": [9.1875, 4.5625, 21],
			"rotation": {"angle": 0, "axis": "z", "origin": [8, 5, -1.75]},
			"faces": {
				"north": {"uv": [0, 0, 16, 16], "rotation": 90, "texture": "#0"},
				"east": {"uv": [0, 0, 16, 16], "rotation": 90, "texture": "#0"},
				"south": {"uv": [0, 0, 16, 16], "rotation": 90, "texture": "#0"},
				"west": {"uv": [0, 0, 16, 16], "rotation": 90, "texture": "#0"},
				"up": {"uv": [0, 0, 16, 16], "rotation": 90, "texture": "#0"},
				"down": {"uv": [0, 0, 16, 16], "rotation": 90, "texture": "#0"}
			}
		},
		{
			"from": [6.125, 1.9375, -13.75],
			"to": [6.5, 3.5625, 21],
			"rotation": {"angle": 22.5, "axis": "z", "origin": [8, 5, -1.75]},
			"faces": {
				"north": {"uv": [0, 0, 16, 16], "rotation": 90, "texture": "#0"},
				"east": {"uv": [0, 0, 16, 16], "rotation": 90, "texture": "#0"},
				"south": {"uv": [0, 0, 16, 16], "rotation": 90, "texture": "#0"},
				"west": {"uv": [0, 0, 16, 16], "rotation": 90, "texture": "#0"},
				"up": {"uv": [0, 0, 16, 16], "rotation": 90, "texture": "#0"},
				"down": {"uv": [0, 0, 16, 16], "rotation": 90, "texture": "#0"}
			}
		},
		{
			"from": [9.5, 1.9375, -13.75],
			"to": [9.875, 3.5625, 21],
			"rotation": {"angle": -22.5, "axis": "z", "origin": [8, 5, -1.75]},
			"faces": {
				"north": {"uv": [0, 0, 16, 16], "rotation": 90, "texture": "#0"},
				"east": {"uv": [0, 0, 16, 16], "rotation": 90, "texture": "#0"},
				"south": {"uv": [0, 0, 16, 16], "rotation": 90, "texture": "#0"},
				"west": {"uv": [0, 0, 16, 16], "rotation": 90, "texture": "#0"},
				"up": {"uv": [0, 0, 16, 16], "rotation": 90, "texture": "#0"},
				"down": {"uv": [0, 0, 16, 16], "rotation": 90, "texture": "#0"}
			}
		},
		{
			"from": [7.5, 1.375, -13.75],
			"to": [8.5, 1.75, 21],
			"rotation": {"angle": 0, "axis": "y", "origin": [8, 5, -1.75]},
			"faces": {
				"north": {"uv": [0, 0, 16, 16], "texture": "#0"},
				"east": {"uv": [0, 0, 16, 16], "texture": "#0"},
				"south": {"uv": [0, 0, 16, 16], "texture": "#0"},
				"west": {"uv": [0, 0, 16, 16], "texture": "#0"},
				"up": {"uv": [0, 0, 16, 16], "texture": "#0"},
				"down": {"uv": [0, 0, 16, 16], "texture": "#0"}
			}
		},
		{
			"from": [8.8125, 4.4375, -13.75],
			"to": [9.1875, 7.0625, -13],
			"rotation": {"angle": 0, "axis": "z", "origin": [8, 5, -1.75]},
			"faces": {
				"north": {"uv": [0, 0, 16, 16], "rotation": 90, "texture": "#0"},
				"east": {"uv": [0, 0, 16, 16], "rotation": 90, "texture": "#0"},
				"south": {"uv": [0, 0, 16, 16], "rotation": 90, "texture": "#0"},
				"west": {"uv": [0, 0, 16, 16], "rotation": 90, "texture": "#0"},
				"up": {"uv": [0, 0, 16, 16], "rotation": 90, "texture": "#0"},
				"down": {"uv": [0, 0, 16, 16], "rotation": 90, "texture": "#0"}
			}
		},
		{
			"from": [8.8125, 4.4375, 20.25],
			"to": [9.1875, 7.0625, 21],
			"rotation": {"angle": 0, "axis": "z", "origin": [8, 5, 32.25]},
			"faces": {
				"north": {"uv": [0, 0, 16, 16], "rotation": 90, "texture": "#0"},
				"east": {"uv": [0, 0, 16, 16], "rotation": 90, "texture": "#0"},
				"south": {"uv": [0, 0, 16, 16], "rotation": 90, "texture": "#0"},
				"west": {"uv": [0, 0, 16, 16], "rotation": 90, "texture": "#0"},
				"up": {"uv": [0, 0, 16, 16], "rotation": 90, "texture": "#0"},
				"down": {"uv": [0, 0, 16, 16], "rotation": 90, "texture": "#0"}
			}
		},
		{
			"from": [6.8125, 4.4375, -13.75],
			"to": [7.1875, 7.0625, -13],
			"rotation": {"angle": 0, "axis": "z", "origin": [8, 5, -1.75]},
			"faces": {
				"north": {"uv": [0, 0, 16, 16], "rotation": 90, "texture": "#0"},
				"east": {"uv": [0, 0, 16, 16], "rotation": 90, "texture": "#0"},
				"south": {"uv": [0, 0, 16, 16], "rotation": 90, "texture": "#0"},
				"west": {"uv": [0, 0, 16, 16], "rotation": 90, "texture": "#0"},
				"up": {"uv": [0, 0, 16, 16], "rotation": 90, "texture": "#0"},
				"down": {"uv": [0, 0, 16, 16], "rotation": 90, "texture": "#0"}
			}
		},
		{
			"from": [6.8125, 4.4375, 20.25],
			"to": [7.1875, 7.0625, 21],
			"rotation": {"angle": 0, "axis": "z", "origin": [8, 5, 32.25]},
			"faces": {
				"north": {"uv": [0, 0, 16, 16], "rotation": 90, "texture": "#0"},
				"east": {"uv": [0, 0, 16, 16], "rotation": 90, "texture": "#0"},
				"south": {"uv": [0, 0, 16, 16], "rotation": 90, "texture": "#0"},
				"west": {"uv": [0, 0, 16, 16], "rotation": 90, "texture": "#0"},
				"up": {"uv": [0, 0, 16, 16], "rotation": 90, "texture": "#0"},
				"down": {"uv": [0, 0, 16, 16], "rotation": 90, "texture": "#0"}
			}
		},
		{
			"from": [7.0625, 2.4375, -13.5],
			"to": [8.9375, 4.0625, 20.75],
			"rotation": {"angle": 0, "axis": "z", "origin": [8, 5, -1.75]},
			"faces": {
				"north": {"uv": [1, 1, 15, 15], "rotation": 90, "texture": "#0"},
				"east": {"uv": [1, 1, 15, 15], "rotation": 90, "texture": "#0"},
				"south": {"uv": [1, 1, 15, 15], "rotation": 90, "texture": "#0"},
				"west": {"uv": [1, 1, 15, 15], "rotation": 90, "texture": "#0"},
				"up": {"uv": [1, 1, 15, 15], "rotation": 90, "texture": "#0"},
				"down": {"uv": [1, 1, 15, 15], "rotation": 90, "texture": "#0"}
			}
		},
		{
			"from": [7.4375, 1.6875, -13.5],
			"to": [8.5625, 2.5625, 20.75],
			"rotation": {"angle": 0, "axis": "z", "origin": [8, 5, -1.75]},
			"faces": {
				"north": {"uv": [1, 1, 15, 15], "rotation": 90, "texture": "#0"},
				"east": {"uv": [1, 1, 15, 15], "rotation": 90, "texture": "#0"},
				"south": {"uv": [1, 1, 15, 15], "rotation": 90, "texture": "#0"},
				"west": {"uv": [1, 1, 15, 15], "rotation": 90, "texture": "#0"},
				"up": {"uv": [1, 1, 15, 15], "rotation": 90, "texture": "#0"},
				"down": {"uv": [1, 1, 15, 15], "rotation": 90, "texture": "#0"}
			}
		},
		{
			"from": [7.625, 9.75, -13.75],
			"to": [8.375, 10.125, 21],
			"rotation": {"angle": 0, "axis": "y", "origin": [8, 9, -1.75]},
			"faces": {
				"north": {"uv": [0, 0, 16, 16], "texture": "#0"},
				"east": {"uv": [0, 0, 16, 16], "texture": "#0"},
				"south": {"uv": [0, 0, 16, 16], "texture": "#0"},
				"west": {"uv": [0, 0, 16, 16], "texture": "#0"},
				"up": {"uv": [0, 0, 16, 16], "texture": "#0"},
				"down": {"uv": [0, 0, 16, 16], "texture": "#0"}
			}
		},
		{
			"from": [7.1875, 9.8125, -13.75],
			"to": [8.0625, 10.1875, 21],
			"rotation": {"angle": 22.5, "axis": "z", "origin": [8, 9, -1.75]},
			"faces": {
				"north": {"uv": [0, 0, 16, 16], "texture": "#0"},
				"east": {"uv": [0, 0, 16, 16], "texture": "#0"},
				"south": {"uv": [0, 0, 16, 16], "texture": "#0"},
				"west": {"uv": [0, 0, 16, 16], "texture": "#0"},
				"up": {"uv": [0, 0, 16, 16], "texture": "#0"},
				"down": {"uv": [0, 0, 16, 16], "texture": "#0"}
			}
		},
		{
			"from": [7.9375, 9.8125, -13.75],
			"to": [8.8125, 10.1875, 21],
			"rotation": {"angle": -22.5, "axis": "z", "origin": [8, 9, -1.75]},
			"faces": {
				"north": {"uv": [0, 0, 16, 16], "texture": "#0"},
				"east": {"uv": [0, 0, 16, 16], "texture": "#0"},
				"south": {"uv": [0, 0, 16, 16], "texture": "#0"},
				"west": {"uv": [0, 0, 16, 16], "texture": "#0"},
				"up": {"uv": [0, 0, 16, 16], "texture": "#0"},
				"down": {"uv": [0, 0, 16, 16], "texture": "#0"}
			}
		},
		{
			"from": [6.8125, 9.4375, -13.75],
			"to": [7.1875, 11.0625, 21],
			"rotation": {"angle": 0, "axis": "z", "origin": [8, 9, -1.75]},
			"faces": {
				"north": {"uv": [0, 0, 16, 16], "rotation": 90, "texture": "#0"},
				"east": {"uv": [0, 0, 16, 16], "rotation": 90, "texture": "#0"},
				"south": {"uv": [0, 0, 16, 16], "rotation": 90, "texture": "#0"},
				"west": {"uv": [0, 0, 16, 16], "rotation": 90, "texture": "#0"},
				"up": {"uv": [0, 0, 16, 16], "rotation": 90, "texture": "#0"},
				"down": {"uv": [0, 0, 16, 16], "rotation": 90, "texture": "#0"}
			}
		},
		{
			"from": [8.8125, 9.4375, -13.75],
			"to": [9.1875, 11.0625, 21],
			"rotation": {"angle": 0, "axis": "z", "origin": [8, 9, -1.75]},
			"faces": {
				"north": {"uv": [0, 0, 16, 16], "rotation": 90, "texture": "#0"},
				"east": {"uv": [0, 0, 16, 16], "rotation": 90, "texture": "#0"},
				"south": {"uv": [0, 0, 16, 16], "rotation": 90, "texture": "#0"},
				"west": {"uv": [0, 0, 16, 16], "rotation": 90, "texture": "#0"},
				"up": {"uv": [0, 0, 16, 16], "rotation": 90, "texture": "#0"},
				"down": {"uv": [0, 0, 16, 16], "rotation": 90, "texture": "#0"}
			}
		},
		{
			"from": [6.125, 10.4375, -13.75],
			"to": [6.5, 12.0625, 21],
			"rotation": {"angle": -22.5, "axis": "z", "origin": [8, 9, -1.75]},
			"faces": {
				"north": {"uv": [0, 0, 16, 16], "rotation": 90, "texture": "#0"},
				"east": {"uv": [0, 0, 16, 16], "rotation": 90, "texture": "#0"},
				"south": {"uv": [0, 0, 16, 16], "rotation": 90, "texture": "#0"},
				"west": {"uv": [0, 0, 16, 16], "rotation": 90, "texture": "#0"},
				"up": {"uv": [0, 0, 16, 16], "rotation": 90, "texture": "#0"},
				"down": {"uv": [0, 0, 16, 16], "rotation": 90, "texture": "#0"}
			}
		},
		{
			"from": [9.5, 10.4375, -13.75],
			"to": [9.875, 12.0625, 21],
			"rotation": {"angle": 22.5, "axis": "z", "origin": [8, 9, -1.75]},
			"faces": {
				"north": {"uv": [0, 0, 16, 16], "rotation": 90, "texture": "#0"},
				"east": {"uv": [0, 0, 16, 16], "rotation": 90, "texture": "#0"},
				"south": {"uv": [0, 0, 16, 16], "rotation": 90, "texture": "#0"},
				"west": {"uv": [0, 0, 16, 16], "rotation": 90, "texture": "#0"},
				"up": {"uv": [0, 0, 16, 16], "rotation": 90, "texture": "#0"},
				"down": {"uv": [0, 0, 16, 16], "rotation": 90, "texture": "#0"}
			}
		},
		{
			"from": [7.5, 12.25, -13.75],
			"to": [8.5, 12.625, 21],
			"rotation": {"angle": 0, "axis": "y", "origin": [8, 9, -1.75]},
			"faces": {
				"north": {"uv": [0, 0, 16, 16], "texture": "#0"},
				"east": {"uv": [0, 0, 16, 16], "texture": "#0"},
				"south": {"uv": [0, 0, 16, 16], "texture": "#0"},
				"west": {"uv": [0, 0, 16, 16], "texture": "#0"},
				"up": {"uv": [0, 0, 16, 16], "texture": "#0"},
				"down": {"uv": [0, 0, 16, 16], "texture": "#0"}
			}
		},
		{
			"from": [7.0625, 9.9375, -13.5],
			"to": [8.9375, 11.5625, 20.75],
			"rotation": {"angle": 0, "axis": "z", "origin": [8, 9, -1.75]},
			"faces": {
				"north": {"uv": [0, 0, 16, 16], "rotation": 90, "texture": "#0"},
				"east": {"uv": [0, 0, 16, 16], "rotation": 90, "texture": "#0"},
				"south": {"uv": [0, 0, 16, 16], "rotation": 90, "texture": "#0"},
				"west": {"uv": [0, 0, 16, 16], "rotation": 90, "texture": "#0"},
				"up": {"uv": [0, 0, 16, 16], "rotation": 90, "texture": "#0"},
				"down": {"uv": [0, 0, 16, 16], "rotation": 90, "texture": "#0"}
			}
		},
		{
			"from": [7.4375, 11.4375, -13.5],
			"to": [8.5625, 12.3125, 20.75],
			"rotation": {"angle": 0, "axis": "z", "origin": [8, 9, -1.75]},
			"faces": {
				"north": {"uv": [0, 0, 16, 16], "rotation": 90, "texture": "#0"},
				"east": {"uv": [0, 0, 16, 16], "rotation": 90, "texture": "#0"},
				"south": {"uv": [0, 0, 16, 16], "rotation": 90, "texture": "#0"},
				"west": {"uv": [0, 0, 16, 16], "rotation": 90, "texture": "#0"},
				"up": {"uv": [0, 0, 16, 16], "rotation": 90, "texture": "#0"},
				"down": {"uv": [0, 0, 16, 16], "rotation": 90, "texture": "#0"}
			}
		},
		{
			"from": [8.8125, 6.9375, -13.75],
			"to": [9.1875, 9.5625, -13],
			"rotation": {"angle": 0, "axis": "z", "origin": [8, 9, -1.75]},
			"faces": {
				"north": {"uv": [0, 0, 16, 16], "rotation": 90, "texture": "#0"},
				"east": {"uv": [0, 0, 16, 16], "rotation": 90, "texture": "#0"},
				"south": {"uv": [0, 0, 16, 16], "rotation": 90, "texture": "#0"},
				"west": {"uv": [0, 0, 16, 16], "rotation": 90, "texture": "#0"},
				"up": {"uv": [0, 0, 16, 16], "rotation": 90, "texture": "#0"},
				"down": {"uv": [0, 0, 16, 16], "rotation": 90, "texture": "#0"}
			}
		},
		{
			"from": [8.8125, 6.9375, 20.25],
			"to": [9.1875, 9.5625, 21],
			"rotation": {"angle": 0, "axis": "z", "origin": [8, 9, 32.25]},
			"faces": {
				"north": {"uv": [0, 0, 16, 16], "rotation": 90, "texture": "#0"},
				"east": {"uv": [0, 0, 16, 16], "rotation": 90, "texture": "#0"},
				"south": {"uv": [0, 0, 16, 16], "rotation": 90, "texture": "#0"},
				"west": {"uv": [0, 0, 16, 16], "rotation": 90, "texture": "#0"},
				"up": {"uv": [0, 0, 16, 16], "rotation": 90, "texture": "#0"},
				"down": {"uv": [0, 0, 16, 16], "rotation": 90, "texture": "#0"}
			}
		},
		{
			"from": [6.8125, 6.9375, -13.75],
			"to": [7.1875, 9.5625, -13],
			"rotation": {"angle": 0, "axis": "z", "origin": [8, 9, -1.75]},
			"faces": {
				"north": {"uv": [0, 0, 16, 16], "rotation": 90, "texture": "#0"},
				"east": {"uv": [0, 0, 16, 16], "rotation": 90, "texture": "#0"},
				"south": {"uv": [0, 0, 16, 16], "rotation": 90, "texture": "#0"},
				"west": {"uv": [0, 0, 16, 16], "rotation": 90, "texture": "#0"},
				"up": {"uv": [0, 0, 16, 16], "rotation": 90, "texture": "#0"},
				"down": {"uv": [0, 0, 16, 16], "rotation": 90, "texture": "#0"}
			}
		},
		{
			"from": [6.8125, 6.9375, 20.25],
			"to": [7.1875, 9.5625, 21],
			"rotation": {"angle": 0, "axis": "z", "origin": [8, 9, 32.25]},
			"faces": {
				"north": {"uv": [0, 0, 16, 16], "rotation": 90, "texture": "#0"},
				"east": {"uv": [0, 0, 16, 16], "rotation": 90, "texture": "#0"},
				"south": {"uv": [0, 0, 16, 16], "rotation": 90, "texture": "#0"},
				"west": {"uv": [0, 0, 16, 16], "rotation": 90, "texture": "#0"},
				"up": {"uv": [0, 0, 16, 16], "rotation": 90, "texture": "#0"},
				"down": {"uv": [0, 0, 16, 16], "rotation": 90, "texture": "#0"}
			}
		},
		{
			"from": [7.675, 8.5, 17.75],
			"to": [8.325, 8.825, 21.05],
			"rotation": {"angle": 0, "axis": "y", "origin": [8, 7.85, -2.4]},
			"faces": {
				"north": {"uv": [0, 0, 16, 16], "texture": "#0"},
				"east": {"uv": [0, 0, 16, 16], "texture": "#0"},
				"south": {"uv": [0, 0, 16, 16], "texture": "#0"},
				"west": {"uv": [0, 0, 16, 16], "texture": "#0"},
				"up": {"uv": [0, 0, 16, 16], "texture": "#0"},
				"down": {"uv": [0, 0, 16, 16], "texture": "#0"}
			}
		},
		{
			"from": [7.675, 8.5, -13.8],
			"to": [8.325, 8.825, -10.5],
			"rotation": {"angle": 0, "axis": "y", "origin": [8, 7.85, 9.65]},
			"faces": {
				"north": {"uv": [0, 0, 16, 16], "texture": "#0"},
				"east": {"uv": [0, 0, 16, 16], "texture": "#0"},
				"south": {"uv": [0, 0, 16, 16], "texture": "#0"},
				"west": {"uv": [0, 0, 16, 16], "texture": "#0"},
				"up": {"uv": [0, 0, 16, 16], "texture": "#0"},
				"down": {"uv": [0, 0, 16, 16], "texture": "#0"}
			}
		},
		{
			"from": [7.35, 7.975, 17.75],
			"to": [7.675, 8.625, 21.05],
			"rotation": {"angle": -22.5, "axis": "z", "origin": [8, 7.975, -2.4]},
			"faces": {
				"north": {"uv": [0, 0, 16, 16], "rotation": 90, "texture": "#0"},
				"east": {"uv": [0, 0, 16, 16], "rotation": 90, "texture": "#0"},
				"south": {"uv": [0, 0, 16, 16], "rotation": 90, "texture": "#0"},
				"west": {"uv": [0, 0, 16, 16], "rotation": 90, "texture": "#0"},
				"up": {"uv": [0, 0, 16, 16], "rotation": 90, "texture": "#0"},
				"down": {"uv": [0, 0, 16, 16], "rotation": 90, "texture": "#0"}
			}
		},
		{
			"from": [7.35, 7.975, -13.8],
			"to": [7.675, 8.625, -10.5],
			"rotation": {"angle": -22.5, "axis": "z", "origin": [8, 7.975, 9.65]},
			"faces": {
				"north": {"uv": [0, 0, 16, 16], "rotation": 270, "texture": "#0"},
				"east": {"uv": [0, 0, 16, 16], "rotation": 270, "texture": "#0"},
				"south": {"uv": [0, 0, 16, 16], "rotation": 270, "texture": "#0"},
				"west": {"uv": [0, 0, 16, 16], "rotation": 270, "texture": "#0"},
				"up": {"uv": [0, 0, 16, 16], "rotation": 270, "texture": "#0"},
				"down": {"uv": [0, 0, 16, 16], "rotation": 270, "texture": "#0"}
			}
		},
		{
			"from": [8.325, 7.975, 17.75],
			"to": [8.65, 8.625, 21.05],
			"rotation": {"angle": 22.5, "axis": "z", "origin": [8, 7.975, -2.4]},
			"faces": {
				"north": {"uv": [0, 0, 16, 16], "rotation": 90, "texture": "#0"},
				"east": {"uv": [0, 0, 16, 16], "rotation": 90, "texture": "#0"},
				"south": {"uv": [0, 0, 16, 16], "rotation": 90, "texture": "#0"},
				"west": {"uv": [0, 0, 16, 16], "rotation": 90, "texture": "#0"},
				"up": {"uv": [0, 0, 16, 16], "rotation": 90, "texture": "#0"},
				"down": {"uv": [0, 0, 16, 16], "rotation": 90, "texture": "#0"}
			}
		},
		{
			"from": [8.325, 7.975, -13.8],
			"to": [8.65, 8.625, -10.5],
			"rotation": {"angle": 22.5, "axis": "z", "origin": [8, 7.975, 9.65]},
			"faces": {
				"north": {"uv": [0, 0, 16, 16], "rotation": 270, "texture": "#0"},
				"east": {"uv": [0, 0, 16, 16], "rotation": 270, "texture": "#0"},
				"south": {"uv": [0, 0, 16, 16], "rotation": 270, "texture": "#0"},
				"west": {"uv": [0, 0, 16, 16], "rotation": 270, "texture": "#0"},
				"up": {"uv": [0, 0, 16, 16], "rotation": 270, "texture": "#0"},
				"down": {"uv": [0, 0, 16, 16], "rotation": 270, "texture": "#0"}
			}
		},
		{
			"from": [7.5, 8.0625, -12.25],
			"to": [7.75, 8.5625, 17.75],
			"rotation": {"angle": -22.5, "axis": "z", "origin": [8, 8.0625, 1.25]},
			"faces": {
				"north": {"uv": [0, 0, 16, 16], "rotation": 90, "texture": "#0"},
				"east": {"uv": [0, 0, 16, 16], "rotation": 90, "texture": "#0"},
				"south": {"uv": [0, 0, 16, 16], "rotation": 90, "texture": "#0"},
				"west": {"uv": [0, 0, 16, 16], "rotation": 90, "texture": "#0"},
				"up": {"uv": [0, 0, 16, 16], "rotation": 90, "texture": "#0"},
				"down": {"uv": [0, 0, 16, 16], "rotation": 90, "texture": "#0"}
			}
		},
		{
			"from": [7.5, 8.0625, -12.25],
			"to": [7.75, 8.5625, 17.75],
			"rotation": {"angle": -22.5, "axis": "z", "origin": [8, 8.0625, 1.25]},
			"faces": {
				"north": {"uv": [0, 0, 16, 16], "rotation": 90, "texture": "#0"},
				"east": {"uv": [0, 0, 16, 16], "rotation": 90, "texture": "#0"},
				"south": {"uv": [0, 0, 16, 16], "rotation": 90, "texture": "#0"},
				"west": {"uv": [0, 0, 16, 16], "rotation": 90, "texture": "#0"},
				"up": {"uv": [0, 0, 16, 16], "rotation": 90, "texture": "#0"},
				"down": {"uv": [0, 0, 16, 16], "rotation": 90, "texture": "#0"}
			}
		},
		{
			"from": [7.75, 8.5, -12.25],
			"to": [8.25, 8.75, 17.75],
			"rotation": {"angle": 0, "axis": "y", "origin": [8, 8, 1.25]},
			"faces": {
				"north": {"uv": [0, 0, 16, 16], "texture": "#0"},
				"east": {"uv": [0, 0, 16, 16], "texture": "#0"},
				"south": {"uv": [0, 0, 16, 16], "texture": "#0"},
				"west": {"uv": [0, 0, 16, 16], "texture": "#0"},
				"up": {"uv": [0, 0, 16, 16], "texture": "#0"},
				"down": {"uv": [0, 0, 16, 16], "texture": "#0"}
			}
		},
		{
			"from": [8.25, 8.0625, -12.25],
			"to": [8.5, 8.5625, 17.75],
			"rotation": {"angle": 22.5, "axis": "z", "origin": [8, 8.0625, 1.25]},
			"faces": {
				"north": {"uv": [0, 0, 16, 16], "rotation": 90, "texture": "#0"},
				"east": {"uv": [0, 0, 16, 16], "rotation": 90, "texture": "#0"},
				"south": {"uv": [0, 0, 16, 16], "rotation": 90, "texture": "#0"},
				"west": {"uv": [0, 0, 16, 16], "rotation": 90, "texture": "#0"},
				"up": {"uv": [0, 0, 16, 16], "rotation": 90, "texture": "#0"},
				"down": {"uv": [0, 0, 16, 16], "rotation": 90, "texture": "#0"}
			}
		},
		{
			"from": [8.25, 8.0625, -12.25],
			"to": [8.5, 8.5625, 17.75],
			"rotation": {"angle": 22.5, "axis": "z", "origin": [8, 8.0625, 1.25]},
			"faces": {
				"north": {"uv": [0, 0, 16, 16], "rotation": 90, "texture": "#0"},
				"east": {"uv": [0, 0, 16, 16], "rotation": 90, "texture": "#0"},
				"south": {"uv": [0, 0, 16, 16], "rotation": 90, "texture": "#0"},
				"west": {"uv": [0, 0, 16, 16], "rotation": 90, "texture": "#0"},
				"up": {"uv": [0, 0, 16, 16], "rotation": 90, "texture": "#0"},
				"down": {"uv": [0, 0, 16, 16], "rotation": 90, "texture": "#0"}
			}
		},
		{
			"from": [6.8125, 7.625, -13.4375],
			"to": [15.8125, 8.5, -12.9375],
			"rotation": {"angle": -22.5, "axis": "y", "origin": [8, 7.6875, 1.25]},
			"faces": {
				"north": {"uv": [0, 0, 16, 16], "texture": "#1"},
				"east": {"uv": [0, 0, 16, 16], "texture": "#1"},
				"south": {"uv": [0, 0, 16, 16], "texture": "#1"},
				"west": {"uv": [0, 0, 16, 16], "texture": "#1"},
				"up": {"uv": [0, 0, 16, 16], "texture": "#1"},
				"down": {"uv": [0, 0, 16, 16], "texture": "#1"}
			}
		},
		{
			"from": [9.5625, 7.6875, -15.3125],
			"to": [20.5625, 8.4375, -14.8125],
			"rotation": {"angle": -45, "axis": "y", "origin": [8, 7.6875, 1.25]},
			"faces": {
				"north": {"uv": [0, 0, 16, 16], "texture": "#1"},
				"east": {"uv": [0, 0, 16, 16], "texture": "#1"},
				"south": {"uv": [0, 0, 16, 16], "texture": "#1"},
				"west": {"uv": [0, 0, 16, 16], "texture": "#1"},
				"up": {"uv": [0, 0, 16, 16], "texture": "#1"},
				"down": {"uv": [0, 0, 16, 16], "texture": "#1"}
			}
		},
		{
			"from": [18.5625, 7.1875, -15.8125],
			"to": [20.3125, 8.9375, -14.0625],
			"rotation": {"angle": -45, "axis": "y", "origin": [8, 7.6875, 1.25]},
			"faces": {
				"north": {"uv": [0, 0, 16, 16], "texture": "#1"},
				"east": {"uv": [0, 0, 16, 16], "texture": "#1"},
				"south": {"uv": [0, 0, 16, 16], "texture": "#1"},
				"west": {"uv": [0, 0, 16, 16], "texture": "#1"},
				"up": {"uv": [0, 0, 16, 16], "texture": "#1"},
				"down": {"uv": [0, 0, 16, 16], "texture": "#1"}
			}
		},
		{
			"from": [-3.4375, 7.9375, 12.5625],
			"to": [23.5625, 8.1875, 12.8125],
			"rotation": {"angle": 45, "axis": "y", "origin": [8, 7.6875, 1.25]},
			"faces": {
				"north": {"uv": [0, 7, 16, 8], "texture": "#2"},
				"east": {"uv": [0, 7, 16, 8], "texture": "#2"},
				"south": {"uv": [0, 7, 16, 8], "texture": "#2"},
				"west": {"uv": [0, 7, 16, 8], "texture": "#2"},
				"up": {"uv": [0, 7, 16, 8], "texture": "#2"},
				"down": {"uv": [0, 7, 16, 8], "texture": "#2"}
			}
		},
		{
			"from": [0.1875, 7.625, -13.4375],
			"to": [9.1875, 8.5, -12.9375],
			"rotation": {"angle": 22.5, "axis": "y", "origin": [8, 7.6875, 1.25]},
			"faces": {
				"north": {"uv": [0, 0, 16, 16], "texture": "#1"},
				"east": {"uv": [0, 0, 16, 16], "texture": "#1"},
				"south": {"uv": [0, 0, 16, 16], "texture": "#1"},
				"west": {"uv": [0, 0, 16, 16], "texture": "#1"},
				"up": {"uv": [0, 0, 16, 16], "texture": "#1"},
				"down": {"uv": [0, 0, 16, 16], "texture": "#1"}
			}
		},
		{
			"from": [-4.5625, 7.6875, -15.3125],
			"to": [6.4375, 8.4375, -14.8125],
			"rotation": {"angle": 45, "axis": "y", "origin": [8, 7.6875, 1.25]},
			"faces": {
				"north": {"uv": [0, 0, 16, 16], "texture": "#1"},
				"east": {"uv": [0, 0, 16, 16], "texture": "#1"},
				"south": {"uv": [0, 0, 16, 16], "texture": "#1"},
				"west": {"uv": [0, 0, 16, 16], "texture": "#1"},
				"up": {"uv": [0, 0, 16, 16], "texture": "#1"},
				"down": {"uv": [0, 0, 16, 16], "texture": "#1"}
			}
		},
		{
			"from": [-4.3125, 7.1875, -15.8125],
			"to": [-2.5625, 8.9375, -14.0625],
			"rotation": {"angle": 45, "axis": "y", "origin": [8, 7.6875, 1.25]},
			"faces": {
				"north": {"uv": [0, 0, 16, 16], "texture": "#1"},
				"east": {"uv": [0, 0, 16, 16], "texture": "#1"},
				"south": {"uv": [0, 0, 16, 16], "texture": "#1"},
				"west": {"uv": [0, 0, 16, 16], "texture": "#1"},
				"up": {"uv": [0, 0, 16, 16], "texture": "#1"},
				"down": {"uv": [0, 0, 16, 16], "texture": "#1"}
			}
		},
		{
			"from": [-7.5625, 7.9375, 12.5625],
			"to": [19.4375, 8.1875, 12.8125],
			"rotation": {"angle": -45, "axis": "y", "origin": [8, 7.6875, 1.25]},
			"faces": {
				"north": {"uv": [0, 7, 16, 8], "texture": "#2"},
				"east": {"uv": [0, 7, 16, 8], "texture": "#2"},
				"south": {"uv": [0, 7, 16, 8], "texture": "#2"},
				"west": {"uv": [0, 7, 16, 8], "texture": "#2"},
				"up": {"uv": [0, 7, 16, 8], "texture": "#2"},
				"down": {"uv": [0, 7, 16, 8], "texture": "#2"}
			}
		},
		{
			"from": [3.5, 7.5625, -12.75],
			"to": [12.5, 8.5625, -12.25],
			"rotation": {"angle": 0, "axis": "y", "origin": [8, 7.6875, 1.25]},
			"faces": {
				"north": {"uv": [0, 0, 16, 16], "texture": "#1"},
				"east": {"uv": [0, 0, 16, 16], "texture": "#1"},
				"south": {"uv": [0, 0, 16, 16], "texture": "#1"},
				"west": {"uv": [0, 0, 16, 16], "texture": "#1"},
				"up": {"uv": [0, 0, 16, 16], "texture": "#1"},
				"down": {"uv": [0, 0, 16, 16], "texture": "#1"}
			}
		},
		{
			"from": [6.8125, 5.5, -13.4375],
			"to": [15.8125, 6.375, -12.9375],
			"rotation": {"angle": -22.5, "axis": "y", "origin": [8, 6.3125, 1.25]},
			"faces": {
				"north": {"uv": [0, 0, 16, 16], "texture": "#1"},
				"east": {"uv": [0, 0, 16, 16], "texture": "#1"},
				"south": {"uv": [0, 0, 16, 16], "texture": "#1"},
				"west": {"uv": [0, 0, 16, 16], "texture": "#1"},
				"up": {"uv": [0, 0, 16, 16], "texture": "#1"},
				"down": {"uv": [0, 0, 16, 16], "texture": "#1"}
			}
		},
		{
			"from": [9.5625, 5.5625, -15.3125],
			"to": [20.5625, 6.3125, -14.8125],
			"rotation": {"angle": -45, "axis": "y", "origin": [8, 6.3125, 1.25]},
			"faces": {
				"north": {"uv": [0, 0, 16, 16], "texture": "#1"},
				"east": {"uv": [0, 0, 16, 16], "texture": "#1"},
				"south": {"uv": [0, 0, 16, 16], "texture": "#1"},
				"west": {"uv": [0, 0, 16, 16], "texture": "#1"},
				"up": {"uv": [0, 0, 16, 16], "texture": "#1"},
				"down": {"uv": [0, 0, 16, 16], "texture": "#1"}
			}
		},
		{
			"from": [18.5625, 5.0625, -15.8125],
			"to": [20.3125, 6.8125, -14.0625],
			"rotation": {"angle": -45, "axis": "y", "origin": [8, 6.3125, 1.25]},
			"faces": {
				"north": {"uv": [0, 0, 16, 16], "texture": "#1"},
				"east": {"uv": [0, 0, 16, 16], "texture": "#1"},
				"south": {"uv": [0, 0, 16, 16], "texture": "#1"},
				"west": {"uv": [0, 0, 16, 16], "texture": "#1"},
				"up": {"uv": [0, 0, 16, 16], "texture": "#1"},
				"down": {"uv": [0, 0, 16, 16], "texture": "#1"}
			}
		},
		{
			"from": [-3.4375, 5.8125, 12.5625],
			"to": [23.5625, 6.0625, 12.8125],
			"rotation": {"angle": 45, "axis": "y", "origin": [8, 6.3125, 1.25]},
			"faces": {
				"north": {"uv": [0, 7, 16, 8], "texture": "#2"},
				"east": {"uv": [0, 7, 16, 8], "texture": "#2"},
				"south": {"uv": [0, 7, 16, 8], "texture": "#2"},
				"west": {"uv": [0, 7, 16, 8], "texture": "#2"},
				"up": {"uv": [0, 7, 16, 8], "texture": "#2"},
				"down": {"uv": [0, 7, 16, 8], "texture": "#2"}
			}
		},
		{
			"from": [0.1875, 5.5, -13.4375],
			"to": [9.1875, 6.375, -12.9375],
			"rotation": {"angle": 22.5, "axis": "y", "origin": [8, 6.3125, 1.25]},
			"faces": {
				"north": {"uv": [0, 0, 16, 16], "texture": "#1"},
				"east": {"uv": [0, 0, 16, 16], "texture": "#1"},
				"south": {"uv": [0, 0, 16, 16], "texture": "#1"},
				"west": {"uv": [0, 0, 16, 16], "texture": "#1"},
				"up": {"uv": [0, 0, 16, 16], "texture": "#1"},
				"down": {"uv": [0, 0, 16, 16], "texture": "#1"}
			}
		},
		{
			"from": [-4.5625, 5.5625, -15.3125],
			"to": [6.4375, 6.3125, -14.8125],
			"rotation": {"angle": 45, "axis": "y", "origin": [8, 6.3125, 1.25]},
			"faces": {
				"north": {"uv": [0, 0, 16, 16], "texture": "#1"},
				"east": {"uv": [0, 0, 16, 16], "texture": "#1"},
				"south": {"uv": [0, 0, 16, 16], "texture": "#1"},
				"west": {"uv": [0, 0, 16, 16], "texture": "#1"},
				"up": {"uv": [0, 0, 16, 16], "texture": "#1"},
				"down": {"uv": [0, 0, 16, 16], "texture": "#1"}
			}
		},
		{
			"from": [-4.3125, 5.0625, -15.8125],
			"to": [-2.5625, 6.8125, -14.0625],
			"rotation": {"angle": 45, "axis": "y", "origin": [8, 6.3125, 1.25]},
			"faces": {
				"north": {"uv": [0, 0, 16, 16], "texture": "#1"},
				"east": {"uv": [0, 0, 16, 16], "texture": "#1"},
				"south": {"uv": [0, 0, 16, 16], "texture": "#1"},
				"west": {"uv": [0, 0, 16, 16], "texture": "#1"},
				"up": {"uv": [0, 0, 16, 16], "texture": "#1"},
				"down": {"uv": [0, 0, 16, 16], "texture": "#1"}
			}
		},
		{
			"from": [-7.5625, 5.8125, 12.5625],
			"to": [19.4375, 6.0625, 12.8125],
			"rotation": {"angle": -45, "axis": "y", "origin": [8, 6.3125, 1.25]},
			"faces": {
				"north": {"uv": [0, 7, 16, 8], "texture": "#2"},
				"east": {"uv": [0, 7, 16, 8], "texture": "#2"},
				"south": {"uv": [0, 7, 16, 8], "texture": "#2"},
				"west": {"uv": [0, 7, 16, 8], "texture": "#2"},
				"up": {"uv": [0, 7, 16, 8], "texture": "#2"},
				"down": {"uv": [0, 7, 16, 8], "texture": "#2"}
			}
		},
		{
			"from": [3.5, 5.4375, -12.75],
			"to": [12.5, 6.4375, -12.25],
			"rotation": {"angle": 0, "axis": "y", "origin": [8, 6.3125, 1.25]},
			"faces": {
				"north": {"uv": [0, 0, 16, 16], "texture": "#1"},
				"east": {"uv": [0, 0, 16, 16], "texture": "#1"},
				"south": {"uv": [0, 0, 16, 16], "texture": "#1"},
				"west": {"uv": [0, 0, 16, 16], "texture": "#1"},
				"up": {"uv": [0, 0, 16, 16], "texture": "#1"},
				"down": {"uv": [0, 0, 16, 16], "texture": "#1"}
			}
		},
		{
			"from": [7.375, 5.875, 20.25],
			"to": [7.6875, 8.25, 21.0625],
			"rotation": {"angle": 0, "axis": "y", "origin": [8, 6, 7.25]},
			"faces": {
				"north": {"uv": [0, 0, 16, 16], "texture": "#0"},
				"east": {"uv": [0, 0, 16, 16], "texture": "#0"},
				"south": {"uv": [0, 0, 16, 16], "texture": "#0"},
				"west": {"uv": [0, 0, 16, 16], "texture": "#0"},
				"up": {"uv": [0, 0, 16, 16], "texture": "#0"},
				"down": {"uv": [0, 0, 16, 16], "texture": "#0"}
			}
		},
		{
			"from": [7.375, 5.875, -13.8125],
			"to": [7.6875, 8.25, -13],
			"rotation": {"angle": 0, "axis": "y", "origin": [8, 6, 0]},
			"faces": {
				"north": {"uv": [0, 0, 16, 16], "texture": "#0"},
				"east": {"uv": [0, 0, 16, 16], "texture": "#0"},
				"south": {"uv": [0, 0, 16, 16], "texture": "#0"},
				"west": {"uv": [0, 0, 16, 16], "texture": "#0"},
				"up": {"uv": [0, 0, 16, 16], "texture": "#0"},
				"down": {"uv": [0, 0, 16, 16], "texture": "#0"}
			}
		},
		{
			"from": [7.375, 5.875, 20.25],
			"to": [7.6875, 8.25, 21.0625],
			"rotation": {"angle": 0, "axis": "y", "origin": [8, 6, 7.25]},
			"faces": {
				"north": {"uv": [0, 0, 16, 16], "texture": "#0"},
				"east": {"uv": [0, 0, 16, 16], "texture": "#0"},
				"south": {"uv": [0, 0, 16, 16], "texture": "#0"},
				"west": {"uv": [0, 0, 16, 16], "texture": "#0"},
				"up": {"uv": [0, 0, 16, 16], "texture": "#0"},
				"down": {"uv": [0, 0, 16, 16], "texture": "#0"}
			}
		},
		{
			"from": [8.3125, 5.875, 20.25],
			"to": [8.625, 8.25, 21.0625],
			"rotation": {"angle": 0, "axis": "y", "origin": [8, 6, 7.25]},
			"faces": {
				"north": {"uv": [0, 0, 16, 16], "texture": "#0"},
				"east": {"uv": [0, 0, 16, 16], "texture": "#0"},
				"south": {"uv": [0, 0, 16, 16], "texture": "#0"},
				"west": {"uv": [0, 0, 16, 16], "texture": "#0"},
				"up": {"uv": [0, 0, 16, 16], "texture": "#0"},
				"down": {"uv": [0, 0, 16, 16], "texture": "#0"}
			}
		},
		{
			"from": [8.3125, 5.875, -13.8125],
			"to": [8.625, 8.25, -13],
			"rotation": {"angle": 0, "axis": "y", "origin": [8, 6, 0]},
			"faces": {
				"north": {"uv": [0, 0, 16, 16], "texture": "#0"},
				"east": {"uv": [0, 0, 16, 16], "texture": "#0"},
				"south": {"uv": [0, 0, 16, 16], "texture": "#0"},
				"west": {"uv": [0, 0, 16, 16], "texture": "#0"},
				"up": {"uv": [0, 0, 16, 16], "texture": "#0"},
				"down": {"uv": [0, 0, 16, 16], "texture": "#0"}
			}
		},
		{
			"from": [8.3125, 5.875, 20.25],
			"to": [8.625, 8.25, 21.0625],
			"rotation": {"angle": 0, "axis": "y", "origin": [8, 6, 7.25]},
			"faces": {
				"north": {"uv": [0, 0, 16, 16], "texture": "#0"},
				"east": {"uv": [0, 0, 16, 16], "texture": "#0"},
				"south": {"uv": [0, 0, 16, 16], "texture": "#0"},
				"west": {"uv": [0, 0, 16, 16], "texture": "#0"},
				"up": {"uv": [0, 0, 16, 16], "texture": "#0"},
				"down": {"uv": [0, 0, 16, 16], "texture": "#0"}
			}
		},
		{
			"from": [5.74143, 6.75, 17.17893],
			"to": [5.99143, 8, 17.42893],
			"rotation": {"angle": 0, "axis": "y", "origin": [8, 6, 17.25]},
			"faces": {
				"north": {"uv": [0, 0, 16, 16], "texture": "#1"},
				"east": {"uv": [0, 0, 16, 16], "texture": "#1"},
				"south": {"uv": [0, 0, 16, 16], "texture": "#1"},
				"west": {"uv": [0, 0, 16, 16], "texture": "#1"},
				"up": {"uv": [0, 0, 16, 16], "texture": "#1"},
				"down": {"uv": [0, 0, 16, 16], "texture": "#1"}
			}
		},
		{
			"from": [5.75, 8, 17.1875],
			"to": [6, 11.25, 17.4375],
			"rotation": {"angle": 0, "axis": "y", "origin": [8, 6, 7.25]},
			"faces": {
				"north": {"uv": [0, 0, 16, 16], "texture": "#1"},
				"east": {"uv": [0, 0, 16, 16], "texture": "#1"},
				"south": {"uv": [0, 0, 16, 16], "texture": "#1"},
				"west": {"uv": [0, 0, 16, 16], "texture": "#1"},
				"up": {"uv": [0, 0, 16, 16], "texture": "#1"},
				"down": {"uv": [0, 0, 16, 16], "texture": "#1"}
			}
		},
		{
			"from": [3.9375, 10, 17.1875],
			"to": [4.1875, 13.25, 17.4375],
			"rotation": {"angle": -22.5, "axis": "z", "origin": [8, 6, 7.25]},
			"faces": {
				"north": {"uv": [0, 0, 16, 16], "texture": "#1"},
				"east": {"uv": [0, 0, 16, 16], "texture": "#1"},
				"south": {"uv": [0, 0, 16, 16], "texture": "#1"},
				"west": {"uv": [0, 0, 16, 16], "texture": "#1"},
				"up": {"uv": [0, 0, 16, 16], "texture": "#1"},
				"down": {"uv": [0, 0, 16, 16], "texture": "#1"}
			}
		},
		{
			"from": [10.00857, 6.75, 17.17893],
			"to": [10.25857, 8, 17.42893],
			"rotation": {"angle": 0, "axis": "y", "origin": [8, 6, 17.25]},
			"faces": {
				"north": {"uv": [0, 0, 16, 16], "texture": "#1"},
				"east": {"uv": [0, 0, 16, 16], "texture": "#1"},
				"south": {"uv": [0, 0, 16, 16], "texture": "#1"},
				"west": {"uv": [0, 0, 16, 16], "texture": "#1"},
				"up": {"uv": [0, 0, 16, 16], "texture": "#1"},
				"down": {"uv": [0, 0, 16, 16], "texture": "#1"}
			}
		},
		{
			"from": [10, 8, 17.1875],
			"to": [10.25, 11.25, 17.4375],
			"rotation": {"angle": 0, "axis": "y", "origin": [8, 6, 7.25]},
			"faces": {
				"north": {"uv": [0, 0, 16, 16], "texture": "#1"},
				"east": {"uv": [0, 0, 16, 16], "texture": "#1"},
				"south": {"uv": [0, 0, 16, 16], "texture": "#1"},
				"west": {"uv": [0, 0, 16, 16], "texture": "#1"},
				"up": {"uv": [0, 0, 16, 16], "texture": "#1"},
				"down": {"uv": [0, 0, 16, 16], "texture": "#1"}
			}
		},
		{
			"from": [11.8125, 10, 17.1875],
			"to": [12.0625, 13.25, 17.4375],
			"rotation": {"angle": 22.5, "axis": "z", "origin": [8, 6, 7.25]},
			"faces": {
				"north": {"uv": [0, 0, 16, 16], "texture": "#1"},
				"east": {"uv": [0, 0, 16, 16], "texture": "#1"},
				"south": {"uv": [0, 0, 16, 16], "texture": "#1"},
				"west": {"uv": [0, 0, 16, 16], "texture": "#1"},
				"up": {"uv": [0, 0, 16, 16], "texture": "#1"},
				"down": {"uv": [0, 0, 16, 16], "texture": "#1"}
			}
		},
		{
			"from": [5.75, 7.75, 17.1875],
			"to": [8, 8, 17.4375],
			"rotation": {"angle": 0, "axis": "y", "origin": [8, 6, 7.25]},
			"faces": {
				"north": {"uv": [0, 0, 16, 16], "texture": "#1"},
				"east": {"uv": [0, 0, 16, 16], "texture": "#1"},
				"south": {"uv": [0, 0, 16, 16], "texture": "#1"},
				"west": {"uv": [0, 0, 16, 16], "texture": "#1"},
				"up": {"uv": [0, 0, 16, 16], "texture": "#1"},
				"down": {"uv": [0, 0, 16, 16], "texture": "#1"}
			}
		},
		{
			"from": [8, 7.75, 17.1875],
			"to": [10.25, 8, 17.4375],
			"rotation": {"angle": 0, "axis": "y", "origin": [8, 6, 7.25]},
			"faces": {
				"north": {"uv": [0, 0, 16, 16], "texture": "#1"},
				"east": {"uv": [0, 0, 16, 16], "texture": "#1"},
				"south": {"uv": [0, 0, 16, 16], "texture": "#1"},
				"west": {"uv": [0, 0, 16, 16], "texture": "#1"},
				"up": {"uv": [0, 0, 16, 16], "texture": "#1"},
				"down": {"uv": [0, 0, 16, 16], "texture": "#1"}
			}
		},
		{
			"from": [7.0625, 14, 17.1875],
			"to": [8.9375, 14.25, 17.4375],
			"rotation": {"angle": 0, "axis": "y", "origin": [8, 6, 7.25]},
			"faces": {
				"north": {"uv": [0, 0, 16, 16], "texture": "#1"},
				"east": {"uv": [0, 0, 16, 16], "texture": "#1"},
				"south": {"uv": [0, 0, 16, 16], "texture": "#1"},
				"west": {"uv": [0, 0, 16, 16], "texture": "#1"},
				"up": {"uv": [0, 0, 16, 16], "texture": "#1"},
				"down": {"uv": [0, 0, 16, 16], "texture": "#1"}
			}
		},
		{
			"from": [7.0625, -0.75, 17.1875],
			"to": [8.9375, -0.5, 17.4375],
			"rotation": {"angle": 0, "axis": "y", "origin": [8, 7.5, 7.25]},
			"faces": {
				"north": {"uv": [0, 0, 16, 16], "texture": "#1"},
				"east": {"uv": [0, 0, 16, 16], "texture": "#1"},
				"south": {"uv": [0, 0, 16, 16], "texture": "#1"},
				"west": {"uv": [0, 0, 16, 16], "texture": "#1"},
				"up": {"uv": [0, 0, 16, 16], "texture": "#1"},
				"down": {"uv": [0, 0, 16, 16], "texture": "#1"}
			}
		},
		{
			"from": [5.74143, 5.5, 17.17893],
			"to": [5.99143, 6.75, 17.42893],
			"rotation": {"angle": 0, "axis": "y", "origin": [8, 7.5, 17.25]},
			"faces": {
				"north": {"uv": [0, 0, 16, 16], "texture": "#1"},
				"east": {"uv": [0, 0, 16, 16], "texture": "#1"},
				"south": {"uv": [0, 0, 16, 16], "texture": "#1"},
				"west": {"uv": [0, 0, 16, 16], "texture": "#1"},
				"up": {"uv": [0, 0, 16, 16], "texture": "#1"},
				"down": {"uv": [0, 0, 16, 16], "texture": "#1"}
			}
		},
		{
			"from": [5.75, 5.5, 17.1875],
			"to": [8, 5.75, 17.4375],
			"rotation": {"angle": 0, "axis": "y", "origin": [8, 7.5, 7.25]},
			"faces": {
				"north": {"uv": [0, 0, 16, 16], "texture": "#1"},
				"east": {"uv": [0, 0, 16, 16], "texture": "#1"},
				"south": {"uv": [0, 0, 16, 16], "texture": "#1"},
				"west": {"uv": [0, 0, 16, 16], "texture": "#1"},
				"up": {"uv": [0, 0, 16, 16], "texture": "#1"},
				"down": {"uv": [0, 0, 16, 16], "texture": "#1"}
			}
		},
		{
			"from": [5.75, 2.25, 17.1875],
			"to": [6, 5.5, 17.4375],
			"rotation": {"angle": 0, "axis": "y", "origin": [8, 7.5, 7.25]},
			"faces": {
				"north": {"uv": [0, 0, 16, 16], "texture": "#1"},
				"east": {"uv": [0, 0, 16, 16], "texture": "#1"},
				"south": {"uv": [0, 0, 16, 16], "texture": "#1"},
				"west": {"uv": [0, 0, 16, 16], "texture": "#1"},
				"up": {"uv": [0, 0, 16, 16], "texture": "#1"},
				"down": {"uv": [0, 0, 16, 16], "texture": "#1"}
			}
		},
		{
			"from": [3.9375, 0.25, 17.1875],
			"to": [4.1875, 3.5, 17.4375],
			"rotation": {"angle": 22.5, "axis": "z", "origin": [8, 7.5, 7.25]},
			"faces": {
				"north": {"uv": [0, 0, 16, 16], "texture": "#1"},
				"east": {"uv": [0, 0, 16, 16], "texture": "#1"},
				"south": {"uv": [0, 0, 16, 16], "texture": "#1"},
				"west": {"uv": [0, 0, 16, 16], "texture": "#1"},
				"up": {"uv": [0, 0, 16, 16], "texture": "#1"},
				"down": {"uv": [0, 0, 16, 16], "texture": "#1"}
			}
		},
		{
			"from": [10.00857, 5.5, 17.17893],
			"to": [10.25857, 6.75, 17.42893],
			"rotation": {"angle": 0, "axis": "y", "origin": [8, 7.5, 17.25]},
			"faces": {
				"north": {"uv": [0, 0, 16, 16], "texture": "#1"},
				"east": {"uv": [0, 0, 16, 16], "texture": "#1"},
				"south": {"uv": [0, 0, 16, 16], "texture": "#1"},
				"west": {"uv": [0, 0, 16, 16], "texture": "#1"},
				"up": {"uv": [0, 0, 16, 16], "texture": "#1"},
				"down": {"uv": [0, 0, 16, 16], "texture": "#1"}
			}
		},
		{
			"from": [10, 2.25, 17.1875],
			"to": [10.25, 5.5, 17.4375],
			"rotation": {"angle": 0, "axis": "y", "origin": [8, 7.5, 7.25]},
			"faces": {
				"north": {"uv": [0, 0, 16, 16], "texture": "#1"},
				"east": {"uv": [0, 0, 16, 16], "texture": "#1"},
				"south": {"uv": [0, 0, 16, 16], "texture": "#1"},
				"west": {"uv": [0, 0, 16, 16], "texture": "#1"},
				"up": {"uv": [0, 0, 16, 16], "texture": "#1"},
				"down": {"uv": [0, 0, 16, 16], "texture": "#1"}
			}
		},
		{
			"from": [11.8125, 0.25, 17.1875],
			"to": [12.0625, 3.5, 17.4375],
			"rotation": {"angle": -22.5, "axis": "z", "origin": [8, 7.5, 7.25]},
			"faces": {
				"north": {"uv": [0, 0, 16, 16], "texture": "#1"},
				"east": {"uv": [0, 0, 16, 16], "texture": "#1"},
				"south": {"uv": [0, 0, 16, 16], "texture": "#1"},
				"west": {"uv": [0, 0, 16, 16], "texture": "#1"},
				"up": {"uv": [0, 0, 16, 16], "texture": "#1"},
				"down": {"uv": [0, 0, 16, 16], "texture": "#1"}
			}
		},
		{
			"from": [8, 5.5, 17.1875],
			"to": [10.25, 5.75, 17.4375],
			"rotation": {"angle": 0, "axis": "y", "origin": [8, 7.5, 7.25]},
			"faces": {
				"north": {"uv": [0, 0, 16, 16], "texture": "#1"},
				"east": {"uv": [0, 0, 16, 16], "texture": "#1"},
				"south": {"uv": [0, 0, 16, 16], "texture": "#1"},
				"west": {"uv": [0, 0, 16, 16], "texture": "#1"},
				"up": {"uv": [0, 0, 16, 16], "texture": "#1"},
				"down": {"uv": [0, 0, 16, 16], "texture": "#1"}
			}
		},
		{
			"from": [7.8125, -0.75, 14.9375],
			"to": [8.1875, -0.5, 17.1875],
			"rotation": {"angle": 0, "axis": "y", "origin": [8, 7.5, 7.25]},
			"faces": {
				"north": {"uv": [0, 0, 16, 16], "texture": "#0"},
				"east": {"uv": [0, 0, 16, 16], "texture": "#0"},
				"south": {"uv": [0, 0, 16, 16], "texture": "#0"},
				"west": {"uv": [0, 0, 16, 16], "texture": "#0"},
				"up": {"uv": [0, 0, 16, 16], "texture": "#0"},
				"down": {"uv": [0, 0, 16, 16], "texture": "#0"}
			}
		},
		{
			"from": [7.875, -0.5, 17.1875],
			"to": [8.125, 1.25, 17.4375],
			"rotation": {"angle": 0, "axis": "y", "origin": [8, 7.5, 7.25]},
			"faces": {
				"north": {"uv": [0, 0, 16, 16], "texture": "#0"},
				"east": {"uv": [0, 0, 16, 16], "texture": "#0"},
				"south": {"uv": [0, 0, 16, 16], "texture": "#0"},
				"west": {"uv": [0, 0, 16, 16], "texture": "#0"},
				"up": {"uv": [0, 0, 16, 16], "texture": "#0"},
				"down": {"uv": [0, 0, 16, 16], "texture": "#0"}
			}
		},
		{
			"from": [7.0625, 1.0625, 17.1875],
			"to": [8.9375, 1.25, 17.4375],
			"rotation": {"angle": 0, "axis": "y", "origin": [8, 7.5, 7.25]},
			"faces": {
				"north": {"uv": [0, 0, 16, 16], "texture": "#0"},
				"east": {"uv": [0, 0, 16, 16], "texture": "#0"},
				"south": {"uv": [0, 0, 16, 16], "texture": "#0"},
				"west": {"uv": [0, 0, 16, 16], "texture": "#0"},
				"up": {"uv": [0, 0, 16, 16], "texture": "#0"},
				"down": {"uv": [0, 0, 16, 16], "texture": "#0"}
			}
		},
		{
			"from": [7.5, 0.6875, 20.6875],
			"to": [7.75, 1.375, 20.9375],
			"rotation": {"angle": 0, "axis": "y", "origin": [8, 7.5, 7.25]},
			"faces": {
				"north": {"uv": [0, 0, 16, 16], "texture": "#0"},
				"east": {"uv": [0, 0, 16, 16], "texture": "#0"},
				"south": {"uv": [0, 0, 16, 16], "texture": "#0"},
				"west": {"uv": [0, 0, 16, 16], "texture": "#0"},
				"up": {"uv": [0, 0, 16, 16], "texture": "#0"},
				"down": {"uv": [0, 0, 16, 16], "texture": "#0"}
			}
		},
		{
			"from": [7.5, 0.6875, -13.5625],
			"to": [7.75, 1.375, -13.3125],
			"rotation": {"angle": 0, "axis": "y", "origin": [8, 7.5, 7.25]},
			"faces": {
				"north": {"uv": [0, 0, 16, 16], "texture": "#0"},
				"east": {"uv": [0, 0, 16, 16], "texture": "#0"},
				"south": {"uv": [0, 0, 16, 16], "texture": "#0"},
				"west": {"uv": [0, 0, 16, 16], "texture": "#0"},
				"up": {"uv": [0, 0, 16, 16], "texture": "#0"},
				"down": {"uv": [0, 0, 16, 16], "texture": "#0"}
			}
		},
		{
			"from": [7.5, 0.6875, -13.5625],
			"to": [7.75, 0.9375, 20.6875],
			"rotation": {"angle": 0, "axis": "y", "origin": [8, 7.5, 7.25]},
			"faces": {
				"north": {"uv": [0, 0, 16, 16], "texture": "#0"},
				"east": {"uv": [0, 0, 16, 16], "texture": "#0"},
				"south": {"uv": [0, 0, 16, 16], "texture": "#0"},
				"west": {"uv": [0, 0, 16, 16], "texture": "#0"},
				"up": {"uv": [0, 0, 16, 16], "texture": "#0"},
				"down": {"uv": [0, 0, 16, 16], "texture": "#0"}
			}
		},
		{
			"from": [7.0625, 0.625, 17.1875],
			"to": [7.1875, 1.0625, 17.4375],
			"rotation": {"angle": 0, "axis": "y", "origin": [8, 7.5, 7.25]},
			"faces": {
				"north": {"uv": [0, 0, 16, 16], "texture": "#0"},
				"east": {"uv": [0, 0, 16, 16], "texture": "#0"},
				"south": {"uv": [0, 0, 16, 16], "texture": "#0"},
				"west": {"uv": [0, 0, 16, 16], "texture": "#0"},
				"up": {"uv": [0, 0, 16, 16], "texture": "#0"},
				"down": {"uv": [0, 0, 16, 16], "texture": "#0"}
			}
		},
		{
			"from": [8.8125, 0.625, 17.1875],
			"to": [8.9375, 1.0625, 17.4375],
			"rotation": {"angle": 0, "axis": "y", "origin": [8, 7.5, 7.25]},
			"faces": {
				"north": {"uv": [0, 0, 16, 16], "texture": "#0"},
				"east": {"uv": [0, 0, 16, 16], "texture": "#0"},
				"south": {"uv": [0, 0, 16, 16], "texture": "#0"},
				"west": {"uv": [0, 0, 16, 16], "texture": "#0"},
				"up": {"uv": [0, 0, 16, 16], "texture": "#0"},
				"down": {"uv": [0, 0, 16, 16], "texture": "#0"}
			}
		},
		{
			"from": [7.5, -2.3125, 13.4375],
			"to": [7.75, -2.1875, 13.875],
			"rotation": {"angle": -22.5, "axis": "x", "origin": [8, 7.5, 7.25]},
			"faces": {
				"north": {"uv": [0, 0, 16, 16], "rotation": 180, "texture": "#0"},
				"east": {"uv": [0, 0, 16, 16], "rotation": 180, "texture": "#0"},
				"south": {"uv": [0, 0, 16, 16], "rotation": 180, "texture": "#0"},
				"west": {"uv": [0, 0, 16, 16], "rotation": 180, "texture": "#0"},
				"up": {"uv": [0, 0, 16, 16], "rotation": 180, "texture": "#0"},
				"down": {"uv": [0, 0, 16, 16], "rotation": 180, "texture": "#0"}
			}
		},
		{
			"from": [8.25, -2.3125, 13.4375],
			"to": [8.5, -2.1875, 13.875],
			"rotation": {"angle": -22.5, "axis": "x", "origin": [8, 7.5, 7.25]},
			"faces": {
				"north": {"uv": [0, 0, 16, 16], "rotation": 180, "texture": "#0"},
				"east": {"uv": [0, 0, 16, 16], "rotation": 180, "texture": "#0"},
				"south": {"uv": [0, 0, 16, 16], "rotation": 180, "texture": "#0"},
				"west": {"uv": [0, 0, 16, 16], "rotation": 180, "texture": "#0"},
				"up": {"uv": [0, 0, 16, 16], "rotation": 180, "texture": "#0"},
				"down": {"uv": [0, 0, 16, 16], "rotation": 180, "texture": "#0"}
			}
		},
		{
			"from": [8.25, 0.6875, -13.5625],
			"to": [8.5, 0.9375, 20.6875],
			"rotation": {"angle": 0, "axis": "y", "origin": [8, 7.5, 7.25]},
			"faces": {
				"north": {"uv": [0, 0, 16, 16], "texture": "#0"},
				"east": {"uv": [0, 0, 16, 16], "texture": "#0"},
				"south": {"uv": [0, 0, 16, 16], "texture": "#0"},
				"west": {"uv": [0, 0, 16, 16], "texture": "#0"},
				"up": {"uv": [0, 0, 16, 16], "texture": "#0"},
				"down": {"uv": [0, 0, 16, 16], "texture": "#0"}
			}
		},
		{
			"from": [8.25, 0.6875, -13.5625],
			"to": [8.5, 1.375, -13.3125],
			"rotation": {"angle": 0, "axis": "y", "origin": [8, 7.5, 7.25]},
			"faces": {
				"north": {"uv": [0, 0, 16, 16], "texture": "#0"},
				"east": {"uv": [0, 0, 16, 16], "texture": "#0"},
				"south": {"uv": [0, 0, 16, 16], "texture": "#0"},
				"west": {"uv": [0, 0, 16, 16], "texture": "#0"},
				"up": {"uv": [0, 0, 16, 16], "texture": "#0"},
				"down": {"uv": [0, 0, 16, 16], "texture": "#0"}
			}
		},
		{
			"from": [8.25, 0.6875, 20.6875],
			"to": [8.5, 1.375, 20.9375],
			"rotation": {"angle": 0, "axis": "y", "origin": [8, 7.5, 7.25]},
			"faces": {
				"north": {"uv": [0, 0, 16, 16], "texture": "#0"},
				"east": {"uv": [0, 0, 16, 16], "texture": "#0"},
				"south": {"uv": [0, 0, 16, 16], "texture": "#0"},
				"west": {"uv": [0, 0, 16, 16], "texture": "#0"},
				"up": {"uv": [0, 0, 16, 16], "texture": "#0"},
				"down": {"uv": [0, 0, 16, 16], "texture": "#0"}
			}
		},
		{
			"from": [5.4375, 10.5, 17.1875],
			"to": [5.6875, 13.75, 17.4375],
			"rotation": {"angle": -22.5, "axis": "z", "origin": [8, 6, 7.25]},
			"faces": {
				"north": {"uv": [0, 0, 16, 16], "texture": "#0"},
				"east": {"uv": [0, 0, 16, 16], "texture": "#0"},
				"south": {"uv": [0, 0, 16, 16], "texture": "#0"},
				"west": {"uv": [0, 0, 16, 16], "texture": "#0"},
				"up": {"uv": [0, 0, 16, 16], "texture": "#0"},
				"down": {"uv": [0, 0, 16, 16], "texture": "#0"}
			}
		},
		{
			"from": [5.4375, 10.5, -12.8125],
			"to": [5.6875, 13.75, -12.5625],
			"rotation": {"angle": -22.5, "axis": "z", "origin": [8, 6, -22.75]},
			"faces": {
				"north": {"uv": [0, 0, 16, 16], "texture": "#0"},
				"east": {"uv": [0, 0, 16, 16], "texture": "#0"},
				"south": {"uv": [0, 0, 16, 16], "texture": "#0"},
				"west": {"uv": [0, 0, 16, 16], "texture": "#0"},
				"up": {"uv": [0, 0, 16, 16], "texture": "#0"},
				"down": {"uv": [0, 0, 16, 16], "texture": "#0"}
			}
		},
		{
			"from": [5.4375, 10.5, 2.1875],
			"to": [5.6875, 13.75, 2.4375],
			"rotation": {"angle": -22.5, "axis": "z", "origin": [8, 6, -7.75]},
			"faces": {
				"north": {"uv": [0, 0, 16, 16], "texture": "#0"},
				"east": {"uv": [0, 0, 16, 16], "texture": "#0"},
				"south": {"uv": [0, 0, 16, 16], "texture": "#0"},
				"west": {"uv": [0, 0, 16, 16], "texture": "#0"},
				"up": {"uv": [0, 0, 16, 16], "texture": "#0"},
				"down": {"uv": [0, 0, 16, 16], "texture": "#0"}
			}
		},
		{
			"from": [10.3125, 10.5, 17.1875],
			"to": [10.5625, 13.75, 17.4375],
			"rotation": {"angle": 22.5, "axis": "z", "origin": [8, 6, 7.25]},
			"faces": {
				"north": {"uv": [0, 0, 16, 16], "texture": "#0"},
				"east": {"uv": [0, 0, 16, 16], "texture": "#0"},
				"south": {"uv": [0, 0, 16, 16], "texture": "#0"},
				"west": {"uv": [0, 0, 16, 16], "texture": "#0"},
				"up": {"uv": [0, 0, 16, 16], "texture": "#0"},
				"down": {"uv": [0, 0, 16, 16], "texture": "#0"}
			}
		},
		{
			"from": [10.3125, 10.5, -12.8125],
			"to": [10.5625, 13.75, -12.5625],
			"rotation": {"angle": 22.5, "axis": "z", "origin": [8, 6, -22.75]},
			"faces": {
				"north": {"uv": [0, 0, 16, 16], "texture": "#0"},
				"east": {"uv": [0, 0, 16, 16], "texture": "#0"},
				"south": {"uv": [0, 0, 16, 16], "texture": "#0"},
				"west": {"uv": [0, 0, 16, 16], "texture": "#0"},
				"up": {"uv": [0, 0, 16, 16], "texture": "#0"},
				"down": {"uv": [0, 0, 16, 16], "texture": "#0"}
			}
		},
		{
			"from": [10.3125, 10.5, 2.1875],
			"to": [10.5625, 13.75, 2.4375],
			"rotation": {"angle": 22.5, "axis": "z", "origin": [8, 6, -7.75]},
			"faces": {
				"north": {"uv": [0, 0, 16, 16], "texture": "#0"},
				"east": {"uv": [0, 0, 16, 16], "texture": "#0"},
				"south": {"uv": [0, 0, 16, 16], "texture": "#0"},
				"west": {"uv": [0, 0, 16, 16], "texture": "#0"},
				"up": {"uv": [0, 0, 16, 16], "texture": "#0"},
				"down": {"uv": [0, 0, 16, 16], "texture": "#0"}
			}
		},
		{
			"from": [7.0625, -11.25, 16.6875],
			"to": [8.9375, -5.5, 18.3125],
			"rotation": {"angle": -22.5, "axis": "x", "origin": [8, 3.75, -1.75]},
			"faces": {
				"north": {"uv": [0, 0, 16, 16], "rotation": 270, "texture": "#0"},
				"east": {"uv": [1, 0, 16, 16], "rotation": 270, "texture": "#0"},
				"south": {"uv": [0, 0, 16, 16], "rotation": 270, "texture": "#0"},
				"west": {"uv": [1, 0, 16, 16], "rotation": 270, "texture": "#0"},
				"up": {"uv": [0, 0, 16, 16], "rotation": 270, "texture": "#0"},
				"down": {"uv": [0, 0, 16, 16], "rotation": 270, "texture": "#0"}
			}
		},
		{
			"from": [7.0625, -3.0625, 21],
			"to": [8.9375, -1.4375, 31.75],
			"rotation": {"angle": 0, "axis": "x", "origin": [8, -21.5, 10.25]},
			"faces": {
				"north": {"uv": [0, 0, 16, 16], "rotation": 270, "texture": "#0"},
				"east": {"uv": [0, 0, 16, 15], "rotation": 270, "texture": "#0"},
				"south": {"uv": [0, 0, 16, 16], "rotation": 270, "texture": "#0"},
				"west": {"uv": [0, 1, 16, 16], "rotation": 270, "texture": "#0"},
				"up": {"uv": [0, 0, 16, 16], "rotation": 270, "texture": "#0"},
				"down": {"uv": [0, 0, 16, 16], "rotation": 270, "texture": "#0"}
			}
		},
		{
			"from": [7.4375, -11.75, 15.9375],
			"to": [8.5625, -5.5, 16.8125],
			"rotation": {"angle": -22.5, "axis": "x", "origin": [8, 3.75, -1.75]},
			"faces": {
				"north": {"uv": [0, 0, 16, 16], "rotation": 270, "texture": "#0"},
				"east": {"uv": [2, 0, 16, 16], "rotation": 270, "texture": "#0"},
				"south": {"uv": [0, 0, 16, 16], "rotation": 270, "texture": "#0"},
				"west": {"uv": [0, 0, 15, 16], "rotation": 270, "texture": "#0"},
				"up": {"uv": [0, 0, 16, 16], "rotation": 270, "texture": "#0"},
				"down": {"uv": [0, 0, 16, 16], "rotation": 270, "texture": "#0"}
			}
		},
		{
			"from": [7.4375, -3.8125, 20.5],
			"to": [8.5625, -2.9375, 31.75],
			"rotation": {"angle": 0, "axis": "x", "origin": [8, -21.5, 10.25]},
			"faces": {
				"north": {"uv": [0, 0, 16, 16], "rotation": 270, "texture": "#0"},
				"east": {"uv": [0, 0, 16, 15], "rotation": 270, "texture": "#0"},
				"south": {"uv": [0, 0, 16, 16], "rotation": 270, "texture": "#0"},
				"west": {"uv": [0, 1, 16, 16], "rotation": 270, "texture": "#0"},
				"up": {"uv": [0, 0, 16, 16], "rotation": 270, "texture": "#0"},
				"down": {"uv": [0, 0, 16, 16], "rotation": 270, "texture": "#0"}
			}
		},
		{
			"from": [6.8125, -2.5625, 30.25],
			"to": [7.1875, -0.9375, 32],
			"rotation": {"angle": 0, "axis": "z", "origin": [8, -0.5, 42.25]},
			"faces": {
				"north": {"uv": [0, 0, 16, 16], "rotation": 90, "texture": "#0"},
				"east": {"uv": [0, 0, 16, 16], "rotation": 90, "texture": "#0"},
				"south": {"uv": [0, 0, 16, 16], "rotation": 90, "texture": "#0"},
				"west": {"uv": [0, 0, 16, 16], "rotation": 90, "texture": "#0"},
				"up": {"uv": [0, 0, 16, 16], "rotation": 90, "texture": "#0"},
				"down": {"uv": [0, 0, 16, 16], "rotation": 90, "texture": "#0"}
			}
		},
		{
			"from": [6.125, -3.5625, 30.25],
			"to": [6.5, -1.9375, 32],
			"rotation": {"angle": 22.5, "axis": "z", "origin": [8, -0.5, 42.25]},
			"faces": {
				"north": {"uv": [0, 0, 16, 16], "rotation": 90, "texture": "#0"},
				"east": {"uv": [0, 0, 16, 16], "rotation": 90, "texture": "#0"},
				"south": {"uv": [0, 0, 16, 16], "rotation": 90, "texture": "#0"},
				"west": {"uv": [0, 0, 16, 16], "rotation": 90, "texture": "#0"},
				"up": {"uv": [0, 0, 16, 16], "rotation": 90, "texture": "#0"},
				"down": {"uv": [0, 0, 16, 16], "rotation": 90, "texture": "#0"}
			}
		},
		{
			"from": [7.5, -4.125, 30.25],
			"to": [8.5, -3.75, 32],
			"rotation": {"angle": 0, "axis": "y", "origin": [8, -0.5, 42.25]},
			"faces": {
				"north": {"uv": [0, 0, 16, 16], "texture": "#0"},
				"east": {"uv": [0, 0, 16, 16], "texture": "#0"},
				"south": {"uv": [0, 0, 16, 16], "texture": "#0"},
				"west": {"uv": [0, 0, 16, 16], "texture": "#0"},
				"up": {"uv": [0, 0, 16, 16], "texture": "#0"},
				"down": {"uv": [0, 0, 16, 16], "texture": "#0"}
			}
		},
		{
			"from": [7, -1.375, 30.25],
			"to": [9, -1, 32],
			"rotation": {"angle": 0, "axis": "y", "origin": [8, -0.5, 42.25]},
			"faces": {
				"north": {"uv": [0, 0, 16, 16], "texture": "#0"},
				"east": {"uv": [0, 0, 16, 16], "texture": "#0"},
				"south": {"uv": [0, 0, 16, 16], "texture": "#0"},
				"west": {"uv": [0, 0, 16, 16], "texture": "#0"},
				"up": {"uv": [0, 0, 16, 16], "texture": "#0"},
				"down": {"uv": [0, 0, 16, 16], "texture": "#0"}
			}
		},
		{
			"from": [9.5, -3.5625, 30.25],
			"to": [9.875, -1.9375, 32],
			"rotation": {"angle": -22.5, "axis": "z", "origin": [8, -0.5, 42.25]},
			"faces": {
				"north": {"uv": [0, 0, 16, 16], "rotation": 90, "texture": "#0"},
				"east": {"uv": [0, 0, 16, 16], "rotation": 90, "texture": "#0"},
				"south": {"uv": [0, 0, 16, 16], "rotation": 90, "texture": "#0"},
				"west": {"uv": [0, 0, 16, 16], "rotation": 90, "texture": "#0"},
				"up": {"uv": [0, 0, 16, 16], "rotation": 90, "texture": "#0"},
				"down": {"uv": [0, 0, 16, 16], "rotation": 90, "texture": "#0"}
			}
		},
		{
			"from": [8.8125, -2.5625, 30.25],
			"to": [9.1875, -0.9375, 32],
			"rotation": {"angle": 0, "axis": "z", "origin": [8, -0.5, 42.25]},
			"faces": {
				"north": {"uv": [0, 0, 16, 16], "rotation": 90, "texture": "#0"},
				"east": {"uv": [0, 0, 16, 16], "rotation": 90, "texture": "#0"},
				"south": {"uv": [0, 0, 16, 16], "rotation": 90, "texture": "#0"},
				"west": {"uv": [0, 0, 16, 16], "rotation": 90, "texture": "#0"},
				"up": {"uv": [0, 0, 16, 16], "rotation": 90, "texture": "#0"},
				"down": {"uv": [0, 0, 16, 16], "rotation": 90, "texture": "#0"}
			}
		},
		{
			"from": [7.75, 6.75, 7],
			"to": [8.25, 7.25, 8],
			"faces": {
				"north": {"uv": [0, 0, 0.5, 0.5], "texture": "#7"},
				"east": {"uv": [0, 0, 9, 0.5], "texture": "#7"},
				"south": {"uv": [0, 0, 0.5, 0.5], "texture": "#7"},
				"west": {"uv": [0, 0, 9, 0.5], "texture": "#7"},
				"up": {"uv": [0, 0, 0.5, 9], "texture": "#7"},
				"down": {"uv": [0, 0, 0.5, 9], "texture": "#7"}
			}
		},
		{
			"from": [7.75, 6.75, 8],
			"to": [8.25, 7.25, 9],
			"faces": {
				"north": {"uv": [0, 0, 0.5, 0.5], "texture": "#6"},
				"east": {"uv": [0, 0, 9, 0.5], "texture": "#6"},
				"south": {"uv": [0, 0, 0.5, 0.5], "texture": "#6"},
				"west": {"uv": [0, 0, 9, 0.5], "texture": "#6"},
				"up": {"uv": [0, 0, 0.5, 9], "texture": "#6"},
				"down": {"uv": [0, 0, 0.5, 9], "texture": "#6"}
			}
		},
		{
			"from": [7.75, 6.75, 9],
			"to": [8.25, 7.25, 10],
			"faces": {
				"north": {"uv": [0, 0, 0.5, 0.5], "texture": "#7"},
				"east": {"uv": [0, 0, 9, 0.5], "texture": "#7"},
				"south": {"uv": [0, 0, 0.5, 0.5], "texture": "#7"},
				"west": {"uv": [0, 0, 9, 0.5], "texture": "#7"},
				"up": {"uv": [0, 0, 0.5, 9], "texture": "#7"},
				"down": {"uv": [0, 0, 0.5, 9], "texture": "#7"}
			}
		},
		{
			"from": [7.75, 6.75, 10],
			"to": [8.25, 7.25, 11],
			"faces": {
				"north": {"uv": [0, 0, 0.5, 0.5], "texture": "#6"},
				"east": {"uv": [0, 0, 9, 0.5], "texture": "#6"},
				"south": {"uv": [0, 0, 0.5, 0.5], "texture": "#6"},
				"west": {"uv": [0, 0, 9, 0.5], "texture": "#6"},
				"up": {"uv": [0, 0, 0.5, 9], "texture": "#6"},
				"down": {"uv": [0, 0, 0.5, 9], "texture": "#6"}
			}
		},
		{
			"from": [7.75, 6.75, 11],
			"to": [8.25, 7.25, 12],
			"faces": {
				"north": {"uv": [0, 0, 0.5, 0.5], "texture": "#7"},
				"east": {"uv": [0, 0, 9, 0.5], "texture": "#7"},
				"south": {"uv": [0, 0, 0.5, 0.5], "texture": "#7"},
				"west": {"uv": [0, 0, 9, 0.5], "texture": "#7"},
				"up": {"uv": [0, 0, 0.5, 9], "texture": "#7"},
				"down": {"uv": [0, 0, 0.5, 9], "texture": "#7"}
			}
		},
		{
			"from": [7.75, 6.75, 12],
			"to": [8.25, 7.25, 13],
			"faces": {
				"north": {"uv": [0, 0, 0.5, 0.5], "texture": "#6"},
				"east": {"uv": [0, 0, 9, 0.5], "texture": "#6"},
				"south": {"uv": [0, 0, 0.5, 0.5], "texture": "#6"},
				"west": {"uv": [0, 0, 9, 0.5], "texture": "#6"},
				"up": {"uv": [0, 0, 0.5, 9], "texture": "#6"},
				"down": {"uv": [0, 0, 0.5, 9], "texture": "#6"}
			}
		},
		{
			"from": [7.75, 6.75, 13],
			"to": [8.25, 7.25, 14],
			"faces": {
				"north": {"uv": [0, 0, 0.5, 0.5], "texture": "#7"},
				"east": {"uv": [0, 0, 9, 0.5], "texture": "#7"},
				"south": {"uv": [0, 0, 0.5, 0.5], "texture": "#7"},
				"west": {"uv": [0, 0, 9, 0.5], "texture": "#7"},
				"up": {"uv": [0, 0, 0.5, 9], "texture": "#7"},
				"down": {"uv": [0, 0, 0.5, 9], "texture": "#7"}
			}
		},
		{
			"from": [7.75, 6.75, 14],
			"to": [8.25, 7.25, 15],
			"faces": {
				"north": {"uv": [0, 0, 0.5, 0.5], "texture": "#6"},
				"east": {"uv": [0, 0, 9, 0.5], "texture": "#6"},
				"south": {"uv": [0, 0, 0.5, 0.5], "texture": "#6"},
				"west": {"uv": [0, 0, 9, 0.5], "texture": "#6"},
				"up": {"uv": [0, 0, 0.5, 9], "texture": "#6"},
				"down": {"uv": [0, 0, 0.5, 9], "texture": "#6"}
			}
		},
		{
			"from": [7.75, 6.75, 15],
			"to": [8.25, 7.25, 16],
			"faces": {
				"north": {"uv": [0, 0, 0.5, 0.5], "texture": "#7"},
				"east": {"uv": [0, 0, 9, 0.5], "texture": "#7"},
				"south": {"uv": [0, 0, 0.5, 0.5], "texture": "#7"},
				"west": {"uv": [0, 0, 9, 0.5], "texture": "#7"},
				"up": {"uv": [0, 0, 0.5, 9], "texture": "#7"},
				"down": {"uv": [0, 0, 0.5, 9], "texture": "#7"}
			}
		},
		{
			"from": [6.75, 6.75, 6.4375],
			"to": [7.75, 7.75, 7],
			"rotation": {"angle": 45, "axis": "z", "origin": [8, 8, 8]},
			"faces": {
				"north": {"uv": [0, 0, 1, 1], "texture": "#6"},
				"east": {"uv": [0, 0, 0.5625, 1], "texture": "#6"},
				"south": {"uv": [0, 0, 1, 1], "texture": "#6"},
				"west": {"uv": [0, 0, 0.5625, 1], "texture": "#6"},
				"up": {"uv": [0, 0, 1, 0.5625], "texture": "#6"},
				"down": {"uv": [0, 0, 1, 0.5625], "texture": "#6"}
			}
		},
		{
			"from": [7.5, 6.5, 6.4375],
			"to": [8.5, 7.5, 7],
			"faces": {
				"north": {"uv": [0, 0, 1, 1], "texture": "#6"},
				"east": {"uv": [0, 0, 0.5625, 1], "texture": "#6"},
				"south": {"uv": [0, 0, 1, 1], "texture": "#6"},
				"west": {"uv": [0, 0, 0.5625, 1], "texture": "#6"},
				"up": {"uv": [0, 0, 1, 0.5625], "texture": "#6"},
				"down": {"uv": [0, 0, 1, 0.5625], "texture": "#6"}
			}
		},
		{
			"from": [7.75, 6.75, 5.71875],
			"to": [8.25, 7.25, 6.5],
			"rotation": {"angle": 0, "axis": "y", "origin": [8, 7.5, 7]},
			"faces": {
				"north": {"uv": [0, 0, 1, 1], "texture": "#6"},
				"east": {"uv": [0, 0, 0.5625, 1], "texture": "#6"},
				"south": {"uv": [0, 0, 1, 1], "texture": "#6"},
				"west": {"uv": [0, 0, 0.5625, 1], "texture": "#6"},
				"up": {"uv": [0, 0, 1, 0.5625], "texture": "#6"},
				"down": {"uv": [0, 0, 1, 0.5625], "texture": "#6"}
			}
		},
		{
			"from": [7.375, 6.875, 5.71875],
			"to": [7.875, 7.375, 6.5],
			"rotation": {"angle": 45, "axis": "z", "origin": [8, 7.5, 7]},
			"faces": {
				"north": {"uv": [0, 0, 1, 1], "texture": "#6"},
				"east": {"uv": [0, 0, 0.5625, 1], "texture": "#6"},
				"south": {"uv": [0, 0, 1, 1], "texture": "#6"},
				"west": {"uv": [0, 0, 0.5625, 1], "texture": "#6"},
				"up": {"uv": [0, 0, 1, 0.5625], "texture": "#6"},
				"down": {"uv": [0, 0, 1, 0.5625], "texture": "#6"}
			}
		},
		{
			"from": [7.75, 7.5, 16],
			"to": [8.25, 7.75, 18],
			"rotation": {"angle": -22.5, "axis": "x", "origin": [8, 7.25, 17]},
			"faces": {
				"north": {"uv": [0, 0, 0.5, 0.25], "texture": "#6"},
				"east": {"uv": [0, 0, 2, 0.25], "texture": "#6"},
				"south": {"uv": [0, 0, 0.5, 0.25], "texture": "#6"},
				"west": {"uv": [0, 0, 2, 0.25], "texture": "#6"},
				"up": {"uv": [0, 0, 0.5, 2], "texture": "#6"},
				"down": {"uv": [0, 0, 0.5, 2], "texture": "#6"}
			}
		},
		{
			"from": [7.75, 6.5, 16.75],
			"to": [8.25, 6.75, 18.75],
			"rotation": {"angle": 22.5, "axis": "x", "origin": [8, 8.75, 17]},
			"faces": {
				"north": {"uv": [0, 0.25, 0.5, 0.5], "texture": "#6"},
				"east": {"uv": [0, 0.25, 2, 0.5], "texture": "#6"},
				"south": {"uv": [0, 0.25, 0.5, 0.5], "texture": "#6"},
				"west": {"uv": [0, 0.25, 2, 0.5], "texture": "#6"},
				"up": {"uv": [0, 2, 0.5, 4], "texture": "#6"},
				"down": {"uv": [0, 2, 0.5, 4], "texture": "#6"}
			}
		}
	],
	"display": {
		"thirdperson_righthand": {
			"translation": [-1.5, 5.75, -7.25]
		},
		"firstperson_righthand": {
			"translation": [-0.5, 1.75, -7.25]
		},
		"firstperson_lefthand": {
			"translation": [-0.5, 1.75, -7.25]
		},
		"ground": {
			"translation": [0, 9, 0]
		},
		"gui": {
			"rotation": [90, -46, 55],
			"translation": [-1, 1, 0],
			"scale": [0.5, 0.5, 0.5]
		},
		"fixed": {
			"rotation": [0, 90, 90],
			"translation": [0, 0, -3.5]
		}
	},
	"groups": [
		{
			"name": "group",
			"origin": [8, 8, 2],
			"children": [0, 1, 2, 3, 4, 5, 6, 7, 8]
		},
		{
			"name": "group",
			"origin": [8, 7, 33],
			"children": [9, 10, 11, 12, 13, 14, 15, 16, 17, 18, 19, 20]
		},
		{
			"name": "group",
			"origin": [8, 7, 33],
			"children": [21, 22]
		},
		{
			"name": "group",
			"origin": [8, 7, 33],
			"children": [23, 24, 25, 26, 27, 28, 29, 30, 31, 32, 33, 34, 35, 36]
		},
		{
			"name": "group",
			"origin": [8, 8, 2],
			"children": [37, 38, 39, 40, 41, 42, 43, 44, 45, 46, 47]
		},
		{
			"name": "group",
			"origin": [8, 7.9375, 2],
			"children": [48, 49, 50, 51, 52, 53, 54, 55, 56]
		},
		{
			"name": "group",
			"origin": [8, 7.9375, 2],
			"children": [57, 58, 59, 60, 61, 62, 63, 64, 65]
		},
		{
			"name": "group",
			"origin": [8, 8, 8],
			"children": [66, 67, 68, 69, 70, 71]
		},
		{
			"name": "group",
			"origin": [8, 9.5, 8],
			"children": [72, 73, 74, 75, 76, 77, 78, 79, 80, 81, 82, 83, 84, 85, 86, 87, 88, 89]
		},
		{
			"name": "group",
			"origin": [8, 9.5, 8],
			"children": [90, 91, 92, 93, 94, 95, 96, 97, 98, 99, 100, 101, 102, 103, 104, 105, 106, 107, 108]
		},
		{
			"name": "group",
			"origin": [8, -0.5, 42.25],
			"children": [109, 110, 111, 112, 113, 114, 115, 116, 117, 118]
		},
		{
			"name": "group",
			"origin": [8, 8.75, 17],
			"children": [119, 120, 121, 122, 123, 124, 125, 126, 127, 128, 129, 130, 131, 132, 133]
		}
	]
}