{
	"credit": "Made with Blockbench",
	"textures": {
		"0": "zenithaddon/00ffc7",
		"particle": "zenithaddon/00ffc7"
	},
	"elements": [
		{
			"from": [2, 7, 3],
			"to": [14, 8, 8],
			"faces": {
				"north": {"uv": [0, 0, 12, 1], "texture": "#0"},
				"east": {"uv": [0, 0, 5, 1], "texture": "#0"},
				"south": {"uv": [0, 0, 12, 1], "texture": "#0"},
				"west": {"uv": [0, 0, 5, 1], "texture": "#0"},
				"up": {"uv": [0, 0, 12, 5], "texture": "#0"},
				"down": {"uv": [0, 0, 12, 5], "texture": "#0"}
			}
		},
		{
			"from": [-7.5, 7, 1],
			"to": [4.5, 8, 4],
			"rotation": {"angle": 22.5, "axis": "y", "origin": [8, 8, 8]},
			"faces": {
				"north": {"uv": [0, 0, 12, 1], "texture": "#0"},
				"east": {"uv": [0, 0, 3, 1], "texture": "#0"},
				"south": {"uv": [0, 0, 12, 1], "texture": "#0"},
				"west": {"uv": [0, 0, 3, 1], "texture": "#0"},
				"up": {"uv": [0, 0, 12, 3], "texture": "#0"},
				"down": {"uv": [0, 0, 12, 3], "texture": "#0"}
			}
		},
		{
			"from": [-10.5, 7, 2.25],
			"to": [-7.5, 8, 3.5],
			"rotation": {"angle": 22.5, "axis": "y", "origin": [8, 8, 8]},
			"faces": {
				"north": {"uv": [0, 0, 3, 1], "texture": "#0"},
				"east": {"uv": [0, 0, 1.25, 1], "texture": "#0"},
				"south": {"uv": [0, 0, 3, 1], "texture": "#0"},
				"west": {"uv": [0, 0, 1.25, 1], "texture": "#0"},
				"up": {"uv": [0, 0, 3, 1.25], "texture": "#0"},
				"down": {"uv": [0, 0, 3, 1.25], "texture": "#0"}
			}
		},
		{
			"from": [1.5, 7, 4],
			"to": [4.5, 8, 6],
			"rotation": {"angle": 22.5, "axis": "y", "origin": [8, 8, 8]},
			"faces": {
				"north": {"uv": [0, 0, 3, 1], "texture": "#0"},
				"east": {"uv": [0, 0, 2, 1], "texture": "#0"},
				"south": {"uv": [0, 0, 3, 1], "texture": "#0"},
				"west": {"uv": [0, 0, 2, 1], "texture": "#0"},
				"up": {"uv": [0, 0, 3, 2], "texture": "#0"},
				"down": {"uv": [0, 0, 3, 2], "texture": "#0"}
			}
		},
		{
			"from": [-3.5, 7, 6.5],
			"to": [1.5, 8, 8.5],
			"faces": {
				"north": {"uv": [0, 0, 5, 1], "texture": "#0"},
				"east": {"uv": [0, 0, 2, 1], "texture": "#0"},
				"south": {"uv": [0, 0, 5, 1], "texture": "#0"},
				"west": {"uv": [0, 0, 2, 1], "texture": "#0"},
				"up": {"uv": [0, 0, 5, 2], "texture": "#0"},
				"down": {"uv": [0, 0, 5, 2], "texture": "#0"}
			}
		},
		{
			"from": [-4.5, 7, 19.5],
			"to": [-3.25, 8, 29.5],
			"rotation": {"angle": -45, "axis": "y", "origin": [8, 8, 8]},
			"faces": {
				"north": {"uv": [0, 0, 1.25, 1], "texture": "#0"},
				"east": {"uv": [0, 0, 10, 1], "texture": "#0"},
				"south": {"uv": [0, 0, 1.25, 1], "texture": "#0"},
				"west": {"uv": [0, 0, 10, 1], "texture": "#0"},
				"up": {"uv": [0, 0, 10, 1.25], "rotation": 270, "texture": "#0"},
				"down": {"uv": [0, 0, 10, 1.25], "rotation": 90, "texture": "#0"}
			}
		},
		{
			"from": [-11.75, 7, 23],
			"to": [-11.25, 8, 25],
			"rotation": {"angle": -22.5, "axis": "y", "origin": [8, 8, 8]},
			"faces": {
				"north": {"uv": [0, 0, 0.5, 1], "texture": "#0"},
				"east": {"uv": [0, 0, 2, 1], "texture": "#0"},
				"south": {"uv": [0, 0, 0.5, 1], "texture": "#0"},
				"west": {"uv": [0, 0, 2, 1], "texture": "#0"},
				"up": {"uv": [0, 0, 2, 0.5], "rotation": 270, "texture": "#0"},
				"down": {"uv": [0, 0, 2, 0.5], "rotation": 90, "texture": "#0"}
			}
		},
		{
			"from": [-4, 7, 28.25],
			"to": [-3.5, 8, 30.25],
			"rotation": {"angle": -45, "axis": "y", "origin": [8, 8, 8]},
			"faces": {
				"north": {"uv": [0, 0, 0.5, 1], "texture": "#0"},
				"east": {"uv": [0, 0, 2, 1], "texture": "#0"},
				"south": {"uv": [0, 0, 0.5, 1], "texture": "#0"},
				"west": {"uv": [0, 0, 2, 1], "texture": "#0"},
				"up": {"uv": [0, 0, 2, 0.5], "rotation": 270, "texture": "#0"},
				"down": {"uv": [0, 0, 2, 0.5], "rotation": 90, "texture": "#0"}
			}
		},
		{
			"from": [11.5, 7, 1],
			"to": [23.5, 8, 4],
			"rotation": {"angle": -22.5, "axis": "y", "origin": [8, 8, 8]},
			"faces": {
				"north": {"uv": [12, 0, 0, 1], "texture": "#0"},
				"east": {"uv": [3, 0, 0, 1], "texture": "#0"},
				"south": {"uv": [12, 0, 0, 1], "texture": "#0"},
				"west": {"uv": [3, 0, 0, 1], "texture": "#0"},
				"up": {"uv": [12, 0, 0, 3], "texture": "#0"},
				"down": {"uv": [12, 0, 0, 3], "texture": "#0"}
			}
		},
		{
			"from": [23.5, 7, 2.25],
			"to": [26.5, 8, 3.5],
			"rotation": {"angle": -22.5, "axis": "y", "origin": [8, 8, 8]},
			"faces": {
				"north": {"uv": [3, 0, 0, 1], "texture": "#0"},
				"east": {"uv": [1.25, 0, 0, 1], "texture": "#0"},
				"south": {"uv": [3, 0, 0, 1], "texture": "#0"},
				"west": {"uv": [1.25, 0, 0, 1], "texture": "#0"},
				"up": {"uv": [3, 0, 0, 1.25], "texture": "#0"},
				"down": {"uv": [3, 0, 0, 1.25], "texture": "#0"}
			}
		},
		{
			"from": [11.5, 7, 4],
			"to": [14.5, 8, 6],
			"rotation": {"angle": -22.5, "axis": "y", "origin": [8, 8, 8]},
			"faces": {
				"north": {"uv": [3, 0, 0, 1], "texture": "#0"},
				"east": {"uv": [2, 0, 0, 1], "texture": "#0"},
				"south": {"uv": [3, 0, 0, 1], "texture": "#0"},
				"west": {"uv": [2, 0, 0, 1], "texture": "#0"},
				"up": {"uv": [3, 0, 0, 2], "texture": "#0"},
				"down": {"uv": [3, 0, 0, 2], "texture": "#0"}
			}
		},
		{
			"from": [14.5, 7, 6.5],
			"to": [19.5, 8, 8.5],
			"faces": {
				"north": {"uv": [5, 0, 0, 1], "texture": "#0"},
				"east": {"uv": [2, 0, 0, 1], "texture": "#0"},
				"south": {"uv": [5, 0, 0, 1], "texture": "#0"},
				"west": {"uv": [2, 0, 0, 1], "texture": "#0"},
				"up": {"uv": [5, 0, 0, 2], "texture": "#0"},
				"down": {"uv": [5, 0, 0, 2], "texture": "#0"}
			}
		},
		{
			"from": [19.25, 7, 19.5],
			"to": [20.5, 8, 29.5],
			"rotation": {"angle": 45, "axis": "y", "origin": [8, 8, 8]},
			"faces": {
				"north": {"uv": [1.25, 0, 0, 1], "texture": "#0"},
				"east": {"uv": [10, 0, 0, 1], "texture": "#0"},
				"south": {"uv": [1.25, 0, 0, 1], "texture": "#0"},
				"west": {"uv": [10, 0, 0, 1], "texture": "#0"},
				"up": {"uv": [0, 1.25, 10, 0], "rotation": 270, "texture": "#0"},
				"down": {"uv": [0, 1.25, 10, 0], "rotation": 90, "texture": "#0"}
			}
		},
		{
			"from": [27.25, 7, 23],
			"to": [27.75, 8, 25],
			"rotation": {"angle": 22.5, "axis": "y", "origin": [8, 8, 8]},
			"faces": {
				"north": {"uv": [0.5, 0, 0, 1], "texture": "#0"},
				"east": {"uv": [2, 0, 0, 1], "texture": "#0"},
				"south": {"uv": [0.5, 0, 0, 1], "texture": "#0"},
				"west": {"uv": [2, 0, 0, 1], "texture": "#0"},
				"up": {"uv": [0, 0.5, 2, 0], "rotation": 270, "texture": "#0"},
				"down": {"uv": [0, 0.5, 2, 0], "rotation": 90, "texture": "#0"}
			}
		},
		{
			"from": [19.5, 7, 28.25],
			"to": [20, 8, 30.25],
			"rotation": {"angle": 45, "axis": "y", "origin": [8, 8, 8]},
			"faces": {
				"north": {"uv": [0.5, 0, 0, 1], "texture": "#0"},
				"east": {"uv": [2, 0, 0, 1], "texture": "#0"},
				"south": {"uv": [0.5, 0, 0, 1], "texture": "#0"},
				"west": {"uv": [2, 0, 0, 1], "texture": "#0"},
				"up": {"uv": [0, 0.5, 2, 0], "rotation": 270, "texture": "#0"},
				"down": {"uv": [0, 0.5, 2, 0], "rotation": 90, "texture": "#0"}
			}
		}
	],
	"display": {
		"head": {
			"scale": [4, 0.36, 1]
		}
	},
	"groups": [0,
		{
			"name": "group",
			"origin": [8, 8, 8],
			"children": [1, 2, 3, 4, 5, 6, 7]
		},
		{
			"name": "group",
			"origin": [8, 8, 8],
			"children": [8, 9, 10, 11, 12, 13, 14]
		}
	]
}