{
	"credit": "Made with Blockbench",
	"textures": {
		"0": "zenithaddon/nexus",
		"particle": "zenithaddon/nexus"
	},
	"elements": [
		{
			"from": [-16, 0, -16],
			"to": [32, 0.25, 32],
			"faces": {
				"north": {"uv": [0, 0, 16, 0.25], "texture": "#0"},
				"east": {"uv": [0, 0, 16, 0.25], "texture": "#0"},
				"south": {"uv": [0, 0, 16, 0.25], "texture": "#0"},
				"west": {"uv": [0, 0, 16, 0.25], "texture": "#0"},
				"up": {"uv": [0, 0, 16, 16], "texture": "#0"},
				"down": {"uv": [0, 0, 16, 16], "rotation": 90, "texture": "#0"}
			}
		}
	],
	"display": {
		"head": {
			"translation": [0, -30.75, 0],
			"scale": [4, 1, 4]
		}
	}
}