{
    "parent": "item/generated",
    "textures": {
        "layer0": "item/ender_eye"
    },
	"overrides": [
		{ "predicate": {"custom_model_data": 26800 }, "model": "zenith:zenith"},
		{ "predicate": {"custom_model_data": 26801 }, "model": "zenith:erebus_wave"},
		{ "predicate": {"custom_model_data": 26802 }, "model": "zenith:zenith_nexus"},
		{ "predicate": {"custom_model_data": 26803 }, "model": "zenith:transparentblock"},
		{ "predicate": {"custom_model_data": 26804 }, "model": "zenith:motlock"},
		{ "predicate": {"custom_model_data": 26805 }, "model": "zenith:slowness"},
		{ "predicate": {"custom_model_data": 26806 }, "model": "zenith:regeneration"},
		{ "predicate": {"custom_model_data": 26807 }, "model": "zenith:matcollapse"},
		{ "predicate": {"custom_model_data": 26808 }, "model": "zenith:matrix"},
		{ "predicate": {"custom_model_data": 26809 }, "model": "zenith:weirdfeeling"},
		{ "predicate": {"custom_model_data": 26810 }, "model": "zenith:theyrecoming"},
		{ "predicate": {"custom_model_data": 26811 }, "model": "zenith:badluck"},
		{ "predicate": {"custom_model_data": 26812 }, "model": "zenith:blaze"},
		{ "predicate": {"custom_model_data": 26813 }, "model": "zenith:fortress"},
		{ "predicate": {"custom_model_data": 26814 }, "model": "zenith:altar"},
		{ "predicate": {"custom_model_data": 26815 }, "model": "zenith:motlocklv2"},
		{ "predicate": {"custom_model_data": 26816 }, "model": "zenith:motlocklv3"}		]
}
