{
    "parent": "item/generated",
    "textures": {
        "layer0": "item/firework_star",
        "layer1": "item/firework_star_overlay"
    },
	"overrides": [
		{ "predicate": {"custom_model_data": 26800 }, "model": "zenith:items/transformation"},
		{ "predicate": {"custom_model_data": 26801 }, "model": "zenith:powermonitor/powermonitor1"},
		{ "predicate": {"custom_model_data": 26802 }, "model": "zenith:powermonitor/powermonitor2"},
		{ "predicate": {"custom_model_data": 26803 }, "model": "zenith:powermonitor/powermonitor3"},
		{ "predicate": {"custom_model_data": 26804 }, "model": "zenith:powermonitor/powermonitor4"},
		{ "predicate": {"custom_model_data": 26805 }, "model": "zenith:powermonitor/powermonitor5"},
		{ "predicate": {"custom_model_data": 26806 }, "model": "zenith:powermonitor/powermonitor6"},
		{ "predicate": {"custom_model_data": 26807 }, "model": "zenith:powermonitor/powermonitor7"},
		{ "predicate": {"custom_model_data": 26808 }, "model": "zenith:powermonitor/powermonitor8"},
		{ "predicate": {"custom_model_data": 26809 }, "model": "zenith:powermonitor/powermonitor9"},
		{ "predicate": {"custom_model_data": 26810 }, "model": "zenith:powermonitor/powermonitor10"},
		{ "predicate": {"custom_model_data": 26811 }, "model": "zenith:powermonitor/powermonitor11"},
		{ "predicate": {"custom_model_data": 26812 }, "model": "zenith:powermonitor/powermonitor12"},
		{ "predicate": {"custom_model_data": 26813 }, "model": "zenith:powermonitor/powermonitor13"},
		{ "predicate": {"custom_model_data": 26814 }, "model": "zenith:powermonitor/powermonitor14"},
		{ "predicate": {"custom_model_data": 26815 }, "model": "zenith:powermonitor/powermonitor0"}
		]
}
